SENSOR,PROD,ALG,PERIOD,YEAR,REGION,SUBAREA,EXTRACT_TAG,TOTAL_PIXEL_AREA_KM2,N_MONTHS,ANNUAL_MEAN,TIME_START,TIME_END,NC_NAME,TITLE,ID,HISTORY,SUMMARY,KEYWORDS,MAP,RESOLUTION,PERIOD_NAME,PERIOD_METHOD,CLIM_BOUNDS,CLIM_METHOD,CLIM_START,CLIM_END,TIME_UNITS,TIME_ORIGIN,DURATION,IOOS_CATEGORY,STATISTIC_LABEL,LEVEL,PROD$2,PROD_NAME,ALG$2,ALG_NAME,ALG_REFERENCE,UNITS,SENSOR_NAME,PLATFORM,PLATFORM_TYPE,SHORT_NAME,CONTRIBUTOR_NAME,CONTRIBUTOR_ROLE,SOURCE_DATA_URL,SOURCE_DATA_DOI,SOURCE_DATA_LEVEL,SOURCE_DATA_VERSION,SOURCE_DATA_ACCESS_DATE
OCCCI,CHLOR_A,CCI,A_1998,1998,NES_BOTTOM_TRAWL_STRATA,01680,,860.58119,0,0.5324326,1998-01-01T00:00:00Z,2023-12-31T23:59:59Z,,Monthly range CHLOR_A data (Blended OCI, OC3/4 and OC5 Algorithm) from the OC-CCI dataset,,,,,,,Monthly range,,,,,,seconds since 1970-01-01T00:00:00Z,1970-01-01T00:00:00Z,12 months,Ocean Color,,,CHLOR_A,chlorophyll a,CCI,Blended OCI, OC3/4 and OC5 Algorithm,Gohin_F._Druon_J.N._and Lampert_L. (2002) A five channel chlorophyll concentration algorithm applied to SeaWiFS data processed by SeaDAS in coastal waters_International Journal of Remote Sensing_23:8_1639-1661_DOI: 10.1080/01431160110071879; Gohin_F._S. Loyer_M. Lunven_C. Labry_J.-M. Froidefond_D. Delmas_M. Huret and A. Herbland (2005). "Satellite-derived parameters for biological modelling in coastal waters: Illustration over the eastern continental shelf of the Bay of Biscay." Remote Sensing of Environment 95(1): 29-46_DOI: 10.1015/j.rse.2004.11.007; Hu_C._Lee_Z._& Franz_B. (2012). Chlorophyll a algorithms for oligotrophic oceans: A novel approach based on three-band reflectance difference . Journal of Geophysical Research_117(C1). doi: 10.1029/2011jc007395; O'Reilly_J.E._Maritorena_S._Mitchell_B. G._Siegel_D. A._Carder_K. L._Garver_S. A._Kahru_M._& McClain_C. R. (1998). Ocean color chlorophyll algorithms for SeaWiFS_Journal of Geophysical Research 103_24937-24953_doi: 10.1029/98JC02160; O'Reilly_J.E._& 24 co-authors (2000). SeaWiFS Postlaunch Calibration and Validation Analyses_Part 3. NASA Tech. Memo. 2000-206892_Vol. 11_S.B. Hooker and E.R. Firestone_Eds._NASA Goddard Space Flight Center_49 pp.,mg m^-3,Ocean Color Climate Change Initiative,SeaWiFS-OrbView2, MERIS-ENVISAT, MODIS-Aqua, VIIRS-SNPP,dataset,OC-CCI,Ocean Colour Climate Change Initiative,Source of the level 3 merged data,http://www.esa-oceancolour-cci.org/,NA,L3,V6.0,20221101-20221105
OCCCI,CHLOR_A,CCI,A_1999,1999,NES_BOTTOM_TRAWL_STRATA,01680,,860.58119,0,0.4803342,1998-01-01T00:00:00Z,2023-12-31T23:59:59Z,,Monthly range CHLOR_A data (Blended OCI, OC3/4 and OC5 Algorithm) from the OC-CCI dataset,,,,,,,Monthly range,,,,,,seconds since 1970-01-01T00:00:00Z,1970-01-01T00:00:00Z,12 months,Ocean Color,,,CHLOR_A,chlorophyll a,CCI,Blended OCI, OC3/4 and OC5 Algorithm,Gohin_F._Druon_J.N._and Lampert_L. (2002) A five channel chlorophyll concentration algorithm applied to SeaWiFS data processed by SeaDAS in coastal waters_International Journal of Remote Sensing_23:8_1639-1661_DOI: 10.1080/01431160110071879; Gohin_F._S. Loyer_M. Lunven_C. Labry_J.-M. Froidefond_D. Delmas_M. Huret and A. Herbland (2005). "Satellite-derived parameters for biological modelling in coastal waters: Illustration over the eastern continental shelf of the Bay of Biscay." Remote Sensing of Environment 95(1): 29-46_DOI: 10.1015/j.rse.2004.11.007; Hu_C._Lee_Z._& Franz_B. (2012). Chlorophyll a algorithms for oligotrophic oceans: A novel approach based on three-band reflectance difference . Journal of Geophysical Research_117(C1). doi: 10.1029/2011jc007395; O'Reilly_J.E._Maritorena_S._Mitchell_B. G._Siegel_D. A._Carder_K. L._Garver_S. A._Kahru_M._& McClain_C. R. (1998). Ocean color chlorophyll algorithms for SeaWiFS_Journal of Geophysical Research 103_24937-24953_doi: 10.1029/98JC02160; O'Reilly_J.E._& 24 co-authors (2000). SeaWiFS Postlaunch Calibration and Validation Analyses_Part 3. NASA Tech. Memo. 2000-206892_Vol. 11_S.B. Hooker and E.R. Firestone_Eds._NASA Goddard Space Flight Center_49 pp.,mg m^-3,Ocean Color Climate Change Initiative,SeaWiFS-OrbView2, MERIS-ENVISAT, MODIS-Aqua, VIIRS-SNPP,dataset,OC-CCI,Ocean Colour Climate Change Initiative,Source of the level 3 merged data,http://www.esa-oceancolour-cci.org/,NA,L3,V6.0,20221101-20221105
OCCCI,CHLOR_A,CCI,A_2000,2000,NES_BOTTOM_TRAWL_STRATA,01680,,860.58119,0,0.5749195,1998-01-01T00:00:00Z,2023-12-31T23:59:59Z,,Monthly range CHLOR_A data (Blended OCI, OC3/4 and OC5 Algorithm) from the OC-CCI dataset,,,,,,,Monthly range,,,,,,seconds since 1970-01-01T00:00:00Z,1970-01-01T00:00:00Z,12 months,Ocean Color,,,CHLOR_A,chlorophyll a,CCI,Blended OCI, OC3/4 and OC5 Algorithm,Gohin_F._Druon_J.N._and Lampert_L. (2002) A five channel chlorophyll concentration algorithm applied to SeaWiFS data processed by SeaDAS in coastal waters_International Journal of Remote Sensing_23:8_1639-1661_DOI: 10.1080/01431160110071879; Gohin_F._S. Loyer_M. Lunven_C. Labry_J.-M. Froidefond_D. Delmas_M. Huret and A. Herbland (2005). "Satellite-derived parameters for biological modelling in coastal waters: Illustration over the eastern continental shelf of the Bay of Biscay." Remote Sensing of Environment 95(1): 29-46_DOI: 10.1015/j.rse.2004.11.007; Hu_C._Lee_Z._& Franz_B. (2012). Chlorophyll a algorithms for oligotrophic oceans: A novel approach based on three-band reflectance difference . Journal of Geophysical Research_117(C1). doi: 10.1029/2011jc007395; O'Reilly_J.E._Maritorena_S._Mitchell_B. G._Siegel_D. A._Carder_K. L._Garver_S. A._Kahru_M._& McClain_C. R. (1998). Ocean color chlorophyll algorithms for SeaWiFS_Journal of Geophysical Research 103_24937-24953_doi: 10.1029/98JC02160; O'Reilly_J.E._& 24 co-authors (2000). SeaWiFS Postlaunch Calibration and Validation Analyses_Part 3. NASA Tech. Memo. 2000-206892_Vol. 11_S.B. Hooker and E.R. Firestone_Eds._NASA Goddard Space Flight Center_49 pp.,mg m^-3,Ocean Color Climate Change Initiative,SeaWiFS-OrbView2, MERIS-ENVISAT, MODIS-Aqua, VIIRS-SNPP,dataset,OC-CCI,Ocean Colour Climate Change Initiative,Source of the level 3 merged data,http://www.esa-oceancolour-cci.org/,NA,L3,V6.0,20221101-20221105
OCCCI,CHLOR_A,CCI,A_2001,2001,NES_BOTTOM_TRAWL_STRATA,01680,,860.58119,0,0.5310580,1998-01-01T00:00:00Z,2023-12-31T23:59:59Z,,Monthly range CHLOR_A data (Blended OCI, OC3/4 and OC5 Algorithm) from the OC-CCI dataset,,,,,,,Monthly range,,,,,,seconds since 1970-01-01T00:00:00Z,1970-01-01T00:00:00Z,12 months,Ocean Color,,,CHLOR_A,chlorophyll a,CCI,Blended OCI, OC3/4 and OC5 Algorithm,Gohin_F._Druon_J.N._and Lampert_L. (2002) A five channel chlorophyll concentration algorithm applied to SeaWiFS data processed by SeaDAS in coastal waters_International Journal of Remote Sensing_23:8_1639-1661_DOI: 10.1080/01431160110071879; Gohin_F._S. Loyer_M. Lunven_C. Labry_J.-M. Froidefond_D. Delmas_M. Huret and A. Herbland (2005). "Satellite-derived parameters for biological modelling in coastal waters: Illustration over the eastern continental shelf of the Bay of Biscay." Remote Sensing of Environment 95(1): 29-46_DOI: 10.1015/j.rse.2004.11.007; Hu_C._Lee_Z._& Franz_B. (2012). Chlorophyll a algorithms for oligotrophic oceans: A novel approach based on three-band reflectance difference . Journal of Geophysical Research_117(C1). doi: 10.1029/2011jc007395; O'Reilly_J.E._Maritorena_S._Mitchell_B. G._Siegel_D. A._Carder_K. L._Garver_S. A._Kahru_M._& McClain_C. R. (1998). Ocean color chlorophyll algorithms for SeaWiFS_Journal of Geophysical Research 103_24937-24953_doi: 10.1029/98JC02160; O'Reilly_J.E._& 24 co-authors (2000). SeaWiFS Postlaunch Calibration and Validation Analyses_Part 3. NASA Tech. Memo. 2000-206892_Vol. 11_S.B. Hooker and E.R. Firestone_Eds._NASA Goddard Space Flight Center_49 pp.,mg m^-3,Ocean Color Climate Change Initiative,SeaWiFS-OrbView2, MERIS-ENVISAT, MODIS-Aqua, VIIRS-SNPP,dataset,OC-CCI,Ocean Colour Climate Change Initiative,Source of the level 3 merged data,http://www.esa-oceancolour-cci.org/,NA,L3,V6.0,20221101-20221105
OCCCI,CHLOR_A,CCI,A_2002,2002,NES_BOTTOM_TRAWL_STRATA,01680,,860.58119,0,0.4529630,1998-01-01T00:00:00Z,2023-12-31T23:59:59Z,,Monthly range CHLOR_A data (Blended OCI, OC3/4 and OC5 Algorithm) from the OC-CCI dataset,,,,,,,Monthly range,,,,,,seconds since 1970-01-01T00:00:00Z,1970-01-01T00:00:00Z,12 months,Ocean Color,,,CHLOR_A,chlorophyll a,CCI,Blended OCI, OC3/4 and OC5 Algorithm,Gohin_F._Druon_J.N._and Lampert_L. (2002) A five channel chlorophyll concentration algorithm applied to SeaWiFS data processed by SeaDAS in coastal waters_International Journal of Remote Sensing_23:8_1639-1661_DOI: 10.1080/01431160110071879; Gohin_F._S. Loyer_M. Lunven_C. Labry_J.-M. Froidefond_D. Delmas_M. Huret and A. Herbland (2005). "Satellite-derived parameters for biological modelling in coastal waters: Illustration over the eastern continental shelf of the Bay of Biscay." Remote Sensing of Environment 95(1): 29-46_DOI: 10.1015/j.rse.2004.11.007; Hu_C._Lee_Z._& Franz_B. (2012). Chlorophyll a algorithms for oligotrophic oceans: A novel approach based on three-band reflectance difference . Journal of Geophysical Research_117(C1). doi: 10.1029/2011jc007395; O'Reilly_J.E._Maritorena_S._Mitchell_B. G._Siegel_D. A._Carder_K. L._Garver_S. A._Kahru_M._& McClain_C. R. (1998). Ocean color chlorophyll algorithms for SeaWiFS_Journal of Geophysical Research 103_24937-24953_doi: 10.1029/98JC02160; O'Reilly_J.E._& 24 co-authors (2000). SeaWiFS Postlaunch Calibration and Validation Analyses_Part 3. NASA Tech. Memo. 2000-206892_Vol. 11_S.B. Hooker and E.R. Firestone_Eds._NASA Goddard Space Flight Center_49 pp.,mg m^-3,Ocean Color Climate Change Initiative,SeaWiFS-OrbView2, MERIS-ENVISAT, MODIS-Aqua, VIIRS-SNPP,dataset,OC-CCI,Ocean Colour Climate Change Initiative,Source of the level 3 merged data,http://www.esa-oceancolour-cci.org/,NA,L3,V6.0,20221101-20221105
OCCCI,CHLOR_A,CCI,A_2003,2003,NES_BOTTOM_TRAWL_STRATA,01680,,860.58119,0,0.6044312,1998-01-01T00:00:00Z,2023-12-31T23:59:59Z,,Monthly range CHLOR_A data (Blended OCI, OC3/4 and OC5 Algorithm) from the OC-CCI dataset,,,,,,,Monthly range,,,,,,seconds since 1970-01-01T00:00:00Z,1970-01-01T00:00:00Z,12 months,Ocean Color,,,CHLOR_A,chlorophyll a,CCI,Blended OCI, OC3/4 and OC5 Algorithm,Gohin_F._Druon_J.N._and Lampert_L. (2002) A five channel chlorophyll concentration algorithm applied to SeaWiFS data processed by SeaDAS in coastal waters_International Journal of Remote Sensing_23:8_1639-1661_DOI: 10.1080/01431160110071879; Gohin_F._S. Loyer_M. Lunven_C. Labry_J.-M. Froidefond_D. Delmas_M. Huret and A. Herbland (2005). "Satellite-derived parameters for biological modelling in coastal waters: Illustration over the eastern continental shelf of the Bay of Biscay." Remote Sensing of Environment 95(1): 29-46_DOI: 10.1015/j.rse.2004.11.007; Hu_C._Lee_Z._& Franz_B. (2012). Chlorophyll a algorithms for oligotrophic oceans: A novel approach based on three-band reflectance difference . Journal of Geophysical Research_117(C1). doi: 10.1029/2011jc007395; O'Reilly_J.E._Maritorena_S._Mitchell_B. G._Siegel_D. A._Carder_K. L._Garver_S. A._Kahru_M._& McClain_C. R. (1998). Ocean color chlorophyll algorithms for SeaWiFS_Journal of Geophysical Research 103_24937-24953_doi: 10.1029/98JC02160; O'Reilly_J.E._& 24 co-authors (2000). SeaWiFS Postlaunch Calibration and Validation Analyses_Part 3. NASA Tech. Memo. 2000-206892_Vol. 11_S.B. Hooker and E.R. Firestone_Eds._NASA Goddard Space Flight Center_49 pp.,mg m^-3,Ocean Color Climate Change Initiative,SeaWiFS-OrbView2, MERIS-ENVISAT, MODIS-Aqua, VIIRS-SNPP,dataset,OC-CCI,Ocean Colour Climate Change Initiative,Source of the level 3 merged data,http://www.esa-oceancolour-cci.org/,NA,L3,V6.0,20221101-20221105
OCCCI,CHLOR_A,CCI,A_2004,2004,NES_BOTTOM_TRAWL_STRATA,01680,,860.58119,0,0.5150487,1998-01-01T00:00:00Z,2023-12-31T23:59:59Z,,Monthly range CHLOR_A data (Blended OCI, OC3/4 and OC5 Algorithm) from the OC-CCI dataset,,,,,,,Monthly range,,,,,,seconds since 1970-01-01T00:00:00Z,1970-01-01T00:00:00Z,12 months,Ocean Color,,,CHLOR_A,chlorophyll a,CCI,Blended OCI, OC3/4 and OC5 Algorithm,Gohin_F._Druon_J.N._and Lampert_L. (2002) A five channel chlorophyll concentration algorithm applied to SeaWiFS data processed by SeaDAS in coastal waters_International Journal of Remote Sensing_23:8_1639-1661_DOI: 10.1080/01431160110071879; Gohin_F._S. Loyer_M. Lunven_C. Labry_J.-M. Froidefond_D. Delmas_M. Huret and A. Herbland (2005). "Satellite-derived parameters for biological modelling in coastal waters: Illustration over the eastern continental shelf of the Bay of Biscay." Remote Sensing of Environment 95(1): 29-46_DOI: 10.1015/j.rse.2004.11.007; Hu_C._Lee_Z._& Franz_B. (2012). Chlorophyll a algorithms for oligotrophic oceans: A novel approach based on three-band reflectance difference . Journal of Geophysical Research_117(C1). doi: 10.1029/2011jc007395; O'Reilly_J.E._Maritorena_S._Mitchell_B. G._Siegel_D. A._Carder_K. L._Garver_S. A._Kahru_M._& McClain_C. R. (1998). Ocean color chlorophyll algorithms for SeaWiFS_Journal of Geophysical Research 103_24937-24953_doi: 10.1029/98JC02160; O'Reilly_J.E._& 24 co-authors (2000). SeaWiFS Postlaunch Calibration and Validation Analyses_Part 3. NASA Tech. Memo. 2000-206892_Vol. 11_S.B. Hooker and E.R. Firestone_Eds._NASA Goddard Space Flight Center_49 pp.,mg m^-3,Ocean Color Climate Change Initiative,SeaWiFS-OrbView2, MERIS-ENVISAT, MODIS-Aqua, VIIRS-SNPP,dataset,OC-CCI,Ocean Colour Climate Change Initiative,Source of the level 3 merged data,http://www.esa-oceancolour-cci.org/,NA,L3,V6.0,20221101-20221105
OCCCI,CHLOR_A,CCI,A_2005,2005,NES_BOTTOM_TRAWL_STRATA,01680,,860.58119,0,0.6331744,1998-01-01T00:00:00Z,2023-12-31T23:59:59Z,,Monthly range CHLOR_A data (Blended OCI, OC3/4 and OC5 Algorithm) from the OC-CCI dataset,,,,,,,Monthly range,,,,,,seconds since 1970-01-01T00:00:00Z,1970-01-01T00:00:00Z,12 months,Ocean Color,,,CHLOR_A,chlorophyll a,CCI,Blended OCI, OC3/4 and OC5 Algorithm,Gohin_F._Druon_J.N._and Lampert_L. (2002) A five channel chlorophyll concentration algorithm applied to SeaWiFS data processed by SeaDAS in coastal waters_International Journal of Remote Sensing_23:8_1639-1661_DOI: 10.1080/01431160110071879; Gohin_F._S. Loyer_M. Lunven_C. Labry_J.-M. Froidefond_D. Delmas_M. Huret and A. Herbland (2005). "Satellite-derived parameters for biological modelling in coastal waters: Illustration over the eastern continental shelf of the Bay of Biscay." Remote Sensing of Environment 95(1): 29-46_DOI: 10.1015/j.rse.2004.11.007; Hu_C._Lee_Z._& Franz_B. (2012). Chlorophyll a algorithms for oligotrophic oceans: A novel approach based on three-band reflectance difference . Journal of Geophysical Research_117(C1). doi: 10.1029/2011jc007395; O'Reilly_J.E._Maritorena_S._Mitchell_B. G._Siegel_D. A._Carder_K. L._Garver_S. A._Kahru_M._& McClain_C. R. (1998). Ocean color chlorophyll algorithms for SeaWiFS_Journal of Geophysical Research 103_24937-24953_doi: 10.1029/98JC02160; O'Reilly_J.E._& 24 co-authors (2000). SeaWiFS Postlaunch Calibration and Validation Analyses_Part 3. NASA Tech. Memo. 2000-206892_Vol. 11_S.B. Hooker and E.R. Firestone_Eds._NASA Goddard Space Flight Center_49 pp.,mg m^-3,Ocean Color Climate Change Initiative,SeaWiFS-OrbView2, MERIS-ENVISAT, MODIS-Aqua, VIIRS-SNPP,dataset,OC-CCI,Ocean Colour Climate Change Initiative,Source of the level 3 merged data,http://www.esa-oceancolour-cci.org/,NA,L3,V6.0,20221101-20221105
OCCCI,CHLOR_A,CCI,A_2006,2006,NES_BOTTOM_TRAWL_STRATA,01680,,860.58119,0,0.6072500,1998-01-01T00:00:00Z,2023-12-31T23:59:59Z,,Monthly range CHLOR_A data (Blended OCI, OC3/4 and OC5 Algorithm) from the OC-CCI dataset,,,,,,,Monthly range,,,,,,seconds since 1970-01-01T00:00:00Z,1970-01-01T00:00:00Z,12 months,Ocean Color,,,CHLOR_A,chlorophyll a,CCI,Blended OCI, OC3/4 and OC5 Algorithm,Gohin_F._Druon_J.N._and Lampert_L. (2002) A five channel chlorophyll concentration algorithm applied to SeaWiFS data processed by SeaDAS in coastal waters_International Journal of Remote Sensing_23:8_1639-1661_DOI: 10.1080/01431160110071879; Gohin_F._S. Loyer_M. Lunven_C. Labry_J.-M. Froidefond_D. Delmas_M. Huret and A. Herbland (2005). "Satellite-derived parameters for biological modelling in coastal waters: Illustration over the eastern continental shelf of the Bay of Biscay." Remote Sensing of Environment 95(1): 29-46_DOI: 10.1015/j.rse.2004.11.007; Hu_C._Lee_Z._& Franz_B. (2012). Chlorophyll a algorithms for oligotrophic oceans: A novel approach based on three-band reflectance difference . Journal of Geophysical Research_117(C1). doi: 10.1029/2011jc007395; O'Reilly_J.E._Maritorena_S._Mitchell_B. G._Siegel_D. A._Carder_K. L._Garver_S. A._Kahru_M._& McClain_C. R. (1998). Ocean color chlorophyll algorithms for SeaWiFS_Journal of Geophysical Research 103_24937-24953_doi: 10.1029/98JC02160; O'Reilly_J.E._& 24 co-authors (2000). SeaWiFS Postlaunch Calibration and Validation Analyses_Part 3. NASA Tech. Memo. 2000-206892_Vol. 11_S.B. Hooker and E.R. Firestone_Eds._NASA Goddard Space Flight Center_49 pp.,mg m^-3,Ocean Color Climate Change Initiative,SeaWiFS-OrbView2, MERIS-ENVISAT, MODIS-Aqua, VIIRS-SNPP,dataset,OC-CCI,Ocean Colour Climate Change Initiative,Source of the level 3 merged data,http://www.esa-oceancolour-cci.org/,NA,L3,V6.0,20221101-20221105
OCCCI,CHLOR_A,CCI,A_2007,2007,NES_BOTTOM_TRAWL_STRATA,01680,,860.58119,0,0.5467398,1998-01-01T00:00:00Z,2023-12-31T23:59:59Z,,Monthly range CHLOR_A data (Blended OCI, OC3/4 and OC5 Algorithm) from the OC-CCI dataset,,,,,,,Monthly range,,,,,,seconds since 1970-01-01T00:00:00Z,1970-01-01T00:00:00Z,12 months,Ocean Color,,,CHLOR_A,chlorophyll a,CCI,Blended OCI, OC3/4 and OC5 Algorithm,Gohin_F._Druon_J.N._and Lampert_L. (2002) A five channel chlorophyll concentration algorithm applied to SeaWiFS data processed by SeaDAS in coastal waters_International Journal of Remote Sensing_23:8_1639-1661_DOI: 10.1080/01431160110071879; Gohin_F._S. Loyer_M. Lunven_C. Labry_J.-M. Froidefond_D. Delmas_M. Huret and A. Herbland (2005). "Satellite-derived parameters for biological modelling in coastal waters: Illustration over the eastern continental shelf of the Bay of Biscay." Remote Sensing of Environment 95(1): 29-46_DOI: 10.1015/j.rse.2004.11.007; Hu_C._Lee_Z._& Franz_B. (2012). Chlorophyll a algorithms for oligotrophic oceans: A novel approach based on three-band reflectance difference . Journal of Geophysical Research_117(C1). doi: 10.1029/2011jc007395; O'Reilly_J.E._Maritorena_S._Mitchell_B. G._Siegel_D. A._Carder_K. L._Garver_S. A._Kahru_M._& McClain_C. R. (1998). Ocean color chlorophyll algorithms for SeaWiFS_Journal of Geophysical Research 103_24937-24953_doi: 10.1029/98JC02160; O'Reilly_J.E._& 24 co-authors (2000). SeaWiFS Postlaunch Calibration and Validation Analyses_Part 3. NASA Tech. Memo. 2000-206892_Vol. 11_S.B. Hooker and E.R. Firestone_Eds._NASA Goddard Space Flight Center_49 pp.,mg m^-3,Ocean Color Climate Change Initiative,SeaWiFS-OrbView2, MERIS-ENVISAT, MODIS-Aqua, VIIRS-SNPP,dataset,OC-CCI,Ocean Colour Climate Change Initiative,Source of the level 3 merged data,http://www.esa-oceancolour-cci.org/,NA,L3,V6.0,20221101-20221105
OCCCI,CHLOR_A,CCI,A_2008,2008,NES_BOTTOM_TRAWL_STRATA,01680,,860.58119,0,0.5587298,1998-01-01T00:00:00Z,2023-12-31T23:59:59Z,,Monthly range CHLOR_A data (Blended OCI, OC3/4 and OC5 Algorithm) from the OC-CCI dataset,,,,,,,Monthly range,,,,,,seconds since 1970-01-01T00:00:00Z,1970-01-01T00:00:00Z,12 months,Ocean Color,,,CHLOR_A,chlorophyll a,CCI,Blended OCI, OC3/4 and OC5 Algorithm,Gohin_F._Druon_J.N._and Lampert_L. (2002) A five channel chlorophyll concentration algorithm applied to SeaWiFS data processed by SeaDAS in coastal waters_International Journal of Remote Sensing_23:8_1639-1661_DOI: 10.1080/01431160110071879; Gohin_F._S. Loyer_M. Lunven_C. Labry_J.-M. Froidefond_D. Delmas_M. Huret and A. Herbland (2005). "Satellite-derived parameters for biological modelling in coastal waters: Illustration over the eastern continental shelf of the Bay of Biscay." Remote Sensing of Environment 95(1): 29-46_DOI: 10.1015/j.rse.2004.11.007; Hu_C._Lee_Z._& Franz_B. (2012). Chlorophyll a algorithms for oligotrophic oceans: A novel approach based on three-band reflectance difference . Journal of Geophysical Research_117(C1). doi: 10.1029/2011jc007395; O'Reilly_J.E._Maritorena_S._Mitchell_B. G._Siegel_D. A._Carder_K. L._Garver_S. A._Kahru_M._& McClain_C. R. (1998). Ocean color chlorophyll algorithms for SeaWiFS_Journal of Geophysical Research 103_24937-24953_doi: 10.1029/98JC02160; O'Reilly_J.E._& 24 co-authors (2000). SeaWiFS Postlaunch Calibration and Validation Analyses_Part 3. NASA Tech. Memo. 2000-206892_Vol. 11_S.B. Hooker and E.R. Firestone_Eds._NASA Goddard Space Flight Center_49 pp.,mg m^-3,Ocean Color Climate Change Initiative,SeaWiFS-OrbView2, MERIS-ENVISAT, MODIS-Aqua, VIIRS-SNPP,dataset,OC-CCI,Ocean Colour Climate Change Initiative,Source of the level 3 merged data,http://www.esa-oceancolour-cci.org/,NA,L3,V6.0,20221101-20221105
OCCCI,CHLOR_A,CCI,A_2009,2009,NES_BOTTOM_TRAWL_STRATA,01680,,860.58119,0,0.5785914,1998-01-01T00:00:00Z,2023-12-31T23:59:59Z,,Monthly range CHLOR_A data (Blended OCI, OC3/4 and OC5 Algorithm) from the OC-CCI dataset,,,,,,,Monthly range,,,,,,seconds since 1970-01-01T00:00:00Z,1970-01-01T00:00:00Z,12 months,Ocean Color,,,CHLOR_A,chlorophyll a,CCI,Blended OCI, OC3/4 and OC5 Algorithm,Gohin_F._Druon_J.N._and Lampert_L. (2002) A five channel chlorophyll concentration algorithm applied to SeaWiFS data processed by SeaDAS in coastal waters_International Journal of Remote Sensing_23:8_1639-1661_DOI: 10.1080/01431160110071879; Gohin_F._S. Loyer_M. Lunven_C. Labry_J.-M. Froidefond_D. Delmas_M. Huret and A. Herbland (2005). "Satellite-derived parameters for biological modelling in coastal waters: Illustration over the eastern continental shelf of the Bay of Biscay." Remote Sensing of Environment 95(1): 29-46_DOI: 10.1015/j.rse.2004.11.007; Hu_C._Lee_Z._& Franz_B. (2012). Chlorophyll a algorithms for oligotrophic oceans: A novel approach based on three-band reflectance difference . Journal of Geophysical Research_117(C1). doi: 10.1029/2011jc007395; O'Reilly_J.E._Maritorena_S._Mitchell_B. G._Siegel_D. A._Carder_K. L._Garver_S. A._Kahru_M._& McClain_C. R. (1998). Ocean color chlorophyll algorithms for SeaWiFS_Journal of Geophysical Research 103_24937-24953_doi: 10.1029/98JC02160; O'Reilly_J.E._& 24 co-authors (2000). SeaWiFS Postlaunch Calibration and Validation Analyses_Part 3. NASA Tech. Memo. 2000-206892_Vol. 11_S.B. Hooker and E.R. Firestone_Eds._NASA Goddard Space Flight Center_49 pp.,mg m^-3,Ocean Color Climate Change Initiative,SeaWiFS-OrbView2, MERIS-ENVISAT, MODIS-Aqua, VIIRS-SNPP,dataset,OC-CCI,Ocean Colour Climate Change Initiative,Source of the level 3 merged data,http://www.esa-oceancolour-cci.org/,NA,L3,V6.0,20221101-20221105
OCCCI,CHLOR_A,CCI,A_2010,2010,NES_BOTTOM_TRAWL_STRATA,01680,,860.58119,0,0.5308539,1998-01-01T00:00:00Z,2023-12-31T23:59:59Z,,Monthly range CHLOR_A data (Blended OCI, OC3/4 and OC5 Algorithm) from the OC-CCI dataset,,,,,,,Monthly range,,,,,,seconds since 1970-01-01T00:00:00Z,1970-01-01T00:00:00Z,12 months,Ocean Color,,,CHLOR_A,chlorophyll a,CCI,Blended OCI, OC3/4 and OC5 Algorithm,Gohin_F._Druon_J.N._and Lampert_L. (2002) A five channel chlorophyll concentration algorithm applied to SeaWiFS data processed by SeaDAS in coastal waters_International Journal of Remote Sensing_23:8_1639-1661_DOI: 10.1080/01431160110071879; Gohin_F._S. Loyer_M. Lunven_C. Labry_J.-M. Froidefond_D. Delmas_M. Huret and A. Herbland (2005). "Satellite-derived parameters for biological modelling in coastal waters: Illustration over the eastern continental shelf of the Bay of Biscay." Remote Sensing of Environment 95(1): 29-46_DOI: 10.1015/j.rse.2004.11.007; Hu_C._Lee_Z._& Franz_B. (2012). Chlorophyll a algorithms for oligotrophic oceans: A novel approach based on three-band reflectance difference . Journal of Geophysical Research_117(C1). doi: 10.1029/2011jc007395; O'Reilly_J.E._Maritorena_S._Mitchell_B. G._Siegel_D. A._Carder_K. L._Garver_S. A._Kahru_M._& McClain_C. R. (1998). Ocean color chlorophyll algorithms for SeaWiFS_Journal of Geophysical Research 103_24937-24953_doi: 10.1029/98JC02160; O'Reilly_J.E._& 24 co-authors (2000). SeaWiFS Postlaunch Calibration and Validation Analyses_Part 3. NASA Tech. Memo. 2000-206892_Vol. 11_S.B. Hooker and E.R. Firestone_Eds._NASA Goddard Space Flight Center_49 pp.,mg m^-3,Ocean Color Climate Change Initiative,SeaWiFS-OrbView2, MERIS-ENVISAT, MODIS-Aqua, VIIRS-SNPP,dataset,OC-CCI,Ocean Colour Climate Change Initiative,Source of the level 3 merged data,http://www.esa-oceancolour-cci.org/,NA,L3,V6.0,20221101-20221105
OCCCI,CHLOR_A,CCI,A_2011,2011,NES_BOTTOM_TRAWL_STRATA,01680,,860.58119,0,0.5297254,1998-01-01T00:00:00Z,2023-12-31T23:59:59Z,,Monthly range CHLOR_A data (Blended OCI, OC3/4 and OC5 Algorithm) from the OC-CCI dataset,,,,,,,Monthly range,,,,,,seconds since 1970-01-01T00:00:00Z,1970-01-01T00:00:00Z,12 months,Ocean Color,,,CHLOR_A,chlorophyll a,CCI,Blended OCI, OC3/4 and OC5 Algorithm,Gohin_F._Druon_J.N._and Lampert_L. (2002) A five channel chlorophyll concentration algorithm applied to SeaWiFS data processed by SeaDAS in coastal waters_International Journal of Remote Sensing_23:8_1639-1661_DOI: 10.1080/01431160110071879; Gohin_F._S. Loyer_M. Lunven_C. Labry_J.-M. Froidefond_D. Delmas_M. Huret and A. Herbland (2005). "Satellite-derived parameters for biological modelling in coastal waters: Illustration over the eastern continental shelf of the Bay of Biscay." Remote Sensing of Environment 95(1): 29-46_DOI: 10.1015/j.rse.2004.11.007; Hu_C._Lee_Z._& Franz_B. (2012). Chlorophyll a algorithms for oligotrophic oceans: A novel approach based on three-band reflectance difference . Journal of Geophysical Research_117(C1). doi: 10.1029/2011jc007395; O'Reilly_J.E._Maritorena_S._Mitchell_B. G._Siegel_D. A._Carder_K. L._Garver_S. A._Kahru_M._& McClain_C. R. (1998). Ocean color chlorophyll algorithms for SeaWiFS_Journal of Geophysical Research 103_24937-24953_doi: 10.1029/98JC02160; O'Reilly_J.E._& 24 co-authors (2000). SeaWiFS Postlaunch Calibration and Validation Analyses_Part 3. NASA Tech. Memo. 2000-206892_Vol. 11_S.B. Hooker and E.R. Firestone_Eds._NASA Goddard Space Flight Center_49 pp.,mg m^-3,Ocean Color Climate Change Initiative,SeaWiFS-OrbView2, MERIS-ENVISAT, MODIS-Aqua, VIIRS-SNPP,dataset,OC-CCI,Ocean Colour Climate Change Initiative,Source of the level 3 merged data,http://www.esa-oceancolour-cci.org/,NA,L3,V6.0,20221101-20221105
OCCCI,CHLOR_A,CCI,A_2012,2012,NES_BOTTOM_TRAWL_STRATA,01680,,860.58119,0,0.5201390,1998-01-01T00:00:00Z,2023-12-31T23:59:59Z,,Monthly range CHLOR_A data (Blended OCI, OC3/4 and OC5 Algorithm) from the OC-CCI dataset,,,,,,,Monthly range,,,,,,seconds since 1970-01-01T00:00:00Z,1970-01-01T00:00:00Z,12 months,Ocean Color,,,CHLOR_A,chlorophyll a,CCI,Blended OCI, OC3/4 and OC5 Algorithm,Gohin_F._Druon_J.N._and Lampert_L. (2002) A five channel chlorophyll concentration algorithm applied to SeaWiFS data processed by SeaDAS in coastal waters_International Journal of Remote Sensing_23:8_1639-1661_DOI: 10.1080/01431160110071879; Gohin_F._S. Loyer_M. Lunven_C. Labry_J.-M. Froidefond_D. Delmas_M. Huret and A. Herbland (2005). "Satellite-derived parameters for biological modelling in coastal waters: Illustration over the eastern continental shelf of the Bay of Biscay." Remote Sensing of Environment 95(1): 29-46_DOI: 10.1015/j.rse.2004.11.007; Hu_C._Lee_Z._& Franz_B. (2012). Chlorophyll a algorithms for oligotrophic oceans: A novel approach based on three-band reflectance difference . Journal of Geophysical Research_117(C1). doi: 10.1029/2011jc007395; O'Reilly_J.E._Maritorena_S._Mitchell_B. G._Siegel_D. A._Carder_K. L._Garver_S. A._Kahru_M._& McClain_C. R. (1998). Ocean color chlorophyll algorithms for SeaWiFS_Journal of Geophysical Research 103_24937-24953_doi: 10.1029/98JC02160; O'Reilly_J.E._& 24 co-authors (2000). SeaWiFS Postlaunch Calibration and Validation Analyses_Part 3. NASA Tech. Memo. 2000-206892_Vol. 11_S.B. Hooker and E.R. Firestone_Eds._NASA Goddard Space Flight Center_49 pp.,mg m^-3,Ocean Color Climate Change Initiative,SeaWiFS-OrbView2, MERIS-ENVISAT, MODIS-Aqua, VIIRS-SNPP,dataset,OC-CCI,Ocean Colour Climate Change Initiative,Source of the level 3 merged data,http://www.esa-oceancolour-cci.org/,NA,L3,V6.0,20221101-20221105
OCCCI,CHLOR_A,CCI,A_2013,2013,NES_BOTTOM_TRAWL_STRATA,01680,,860.58119,0,0.5013393,1998-01-01T00:00:00Z,2023-12-31T23:59:59Z,,Monthly range CHLOR_A data (Blended OCI, OC3/4 and OC5 Algorithm) from the OC-CCI dataset,,,,,,,Monthly range,,,,,,seconds since 1970-01-01T00:00:00Z,1970-01-01T00:00:00Z,12 months,Ocean Color,,,CHLOR_A,chlorophyll a,CCI,Blended OCI, OC3/4 and OC5 Algorithm,Gohin_F._Druon_J.N._and Lampert_L. (2002) A five channel chlorophyll concentration algorithm applied to SeaWiFS data processed by SeaDAS in coastal waters_International Journal of Remote Sensing_23:8_1639-1661_DOI: 10.1080/01431160110071879; Gohin_F._S. Loyer_M. Lunven_C. Labry_J.-M. Froidefond_D. Delmas_M. Huret and A. Herbland (2005). "Satellite-derived parameters for biological modelling in coastal waters: Illustration over the eastern continental shelf of the Bay of Biscay." Remote Sensing of Environment 95(1): 29-46_DOI: 10.1015/j.rse.2004.11.007; Hu_C._Lee_Z._& Franz_B. (2012). Chlorophyll a algorithms for oligotrophic oceans: A novel approach based on three-band reflectance difference . Journal of Geophysical Research_117(C1). doi: 10.1029/2011jc007395; O'Reilly_J.E._Maritorena_S._Mitchell_B. G._Siegel_D. A._Carder_K. L._Garver_S. A._Kahru_M._& McClain_C. R. (1998). Ocean color chlorophyll algorithms for SeaWiFS_Journal of Geophysical Research 103_24937-24953_doi: 10.1029/98JC02160; O'Reilly_J.E._& 24 co-authors (2000). SeaWiFS Postlaunch Calibration and Validation Analyses_Part 3. NASA Tech. Memo. 2000-206892_Vol. 11_S.B. Hooker and E.R. Firestone_Eds._NASA Goddard Space Flight Center_49 pp.,mg m^-3,Ocean Color Climate Change Initiative,SeaWiFS-OrbView2, MERIS-ENVISAT, MODIS-Aqua, VIIRS-SNPP,dataset,OC-CCI,Ocean Colour Climate Change Initiative,Source of the level 3 merged data,http://www.esa-oceancolour-cci.org/,NA,L3,V6.0,20221101-20221105
OCCCI,CHLOR_A,CCI,A_2014,2014,NES_BOTTOM_TRAWL_STRATA,01680,,860.58119,0,0.4559446,1998-01-01T00:00:00Z,2023-12-31T23:59:59Z,,Monthly range CHLOR_A data (Blended OCI, OC3/4 and OC5 Algorithm) from the OC-CCI dataset,,,,,,,Monthly range,,,,,,seconds since 1970-01-01T00:00:00Z,1970-01-01T00:00:00Z,12 months,Ocean Color,,,CHLOR_A,chlorophyll a,CCI,Blended OCI, OC3/4 and OC5 Algorithm,Gohin_F._Druon_J.N._and Lampert_L. (2002) A five channel chlorophyll concentration algorithm applied to SeaWiFS data processed by SeaDAS in coastal waters_International Journal of Remote Sensing_23:8_1639-1661_DOI: 10.1080/01431160110071879; Gohin_F._S. Loyer_M. Lunven_C. Labry_J.-M. Froidefond_D. Delmas_M. Huret and A. Herbland (2005). "Satellite-derived parameters for biological modelling in coastal waters: Illustration over the eastern continental shelf of the Bay of Biscay." Remote Sensing of Environment 95(1): 29-46_DOI: 10.1015/j.rse.2004.11.007; Hu_C._Lee_Z._& Franz_B. (2012). Chlorophyll a algorithms for oligotrophic oceans: A novel approach based on three-band reflectance difference . Journal of Geophysical Research_117(C1). doi: 10.1029/2011jc007395; O'Reilly_J.E._Maritorena_S._Mitchell_B. G._Siegel_D. A._Carder_K. L._Garver_S. A._Kahru_M._& McClain_C. R. (1998). Ocean color chlorophyll algorithms for SeaWiFS_Journal of Geophysical Research 103_24937-24953_doi: 10.1029/98JC02160; O'Reilly_J.E._& 24 co-authors (2000). SeaWiFS Postlaunch Calibration and Validation Analyses_Part 3. NASA Tech. Memo. 2000-206892_Vol. 11_S.B. Hooker and E.R. Firestone_Eds._NASA Goddard Space Flight Center_49 pp.,mg m^-3,Ocean Color Climate Change Initiative,SeaWiFS-OrbView2, MERIS-ENVISAT, MODIS-Aqua, VIIRS-SNPP,dataset,OC-CCI,Ocean Colour Climate Change Initiative,Source of the level 3 merged data,http://www.esa-oceancolour-cci.org/,NA,L3,V6.0,20221101-20221105
OCCCI,CHLOR_A,CCI,A_2015,2015,NES_BOTTOM_TRAWL_STRATA,01680,,860.58119,0,0.4318372,1998-01-01T00:00:00Z,2023-12-31T23:59:59Z,,Monthly range CHLOR_A data (Blended OCI, OC3/4 and OC5 Algorithm) from the OC-CCI dataset,,,,,,,Monthly range,,,,,,seconds since 1970-01-01T00:00:00Z,1970-01-01T00:00:00Z,12 months,Ocean Color,,,CHLOR_A,chlorophyll a,CCI,Blended OCI, OC3/4 and OC5 Algorithm,Gohin_F._Druon_J.N._and Lampert_L. (2002) A five channel chlorophyll concentration algorithm applied to SeaWiFS data processed by SeaDAS in coastal waters_International Journal of Remote Sensing_23:8_1639-1661_DOI: 10.1080/01431160110071879; Gohin_F._S. Loyer_M. Lunven_C. Labry_J.-M. Froidefond_D. Delmas_M. Huret and A. Herbland (2005). "Satellite-derived parameters for biological modelling in coastal waters: Illustration over the eastern continental shelf of the Bay of Biscay." Remote Sensing of Environment 95(1): 29-46_DOI: 10.1015/j.rse.2004.11.007; Hu_C._Lee_Z._& Franz_B. (2012). Chlorophyll a algorithms for oligotrophic oceans: A novel approach based on three-band reflectance difference . Journal of Geophysical Research_117(C1). doi: 10.1029/2011jc007395; O'Reilly_J.E._Maritorena_S._Mitchell_B. G._Siegel_D. A._Carder_K. L._Garver_S. A._Kahru_M._& McClain_C. R. (1998). Ocean color chlorophyll algorithms for SeaWiFS_Journal of Geophysical Research 103_24937-24953_doi: 10.1029/98JC02160; O'Reilly_J.E._& 24 co-authors (2000). SeaWiFS Postlaunch Calibration and Validation Analyses_Part 3. NASA Tech. Memo. 2000-206892_Vol. 11_S.B. Hooker and E.R. Firestone_Eds._NASA Goddard Space Flight Center_49 pp.,mg m^-3,Ocean Color Climate Change Initiative,SeaWiFS-OrbView2, MERIS-ENVISAT, MODIS-Aqua, VIIRS-SNPP,dataset,OC-CCI,Ocean Colour Climate Change Initiative,Source of the level 3 merged data,http://www.esa-oceancolour-cci.org/,NA,L3,V6.0,20221101-20221105
OCCCI,CHLOR_A,CCI,A_2016,2016,NES_BOTTOM_TRAWL_STRATA,01680,,860.58119,0,0.5073717,1998-01-01T00:00:00Z,2023-12-31T23:59:59Z,,Monthly range CHLOR_A data (Blended OCI, OC3/4 and OC5 Algorithm) from the OC-CCI dataset,,,,,,,Monthly range,,,,,,seconds since 1970-01-01T00:00:00Z,1970-01-01T00:00:00Z,12 months,Ocean Color,,,CHLOR_A,chlorophyll a,CCI,Blended OCI, OC3/4 and OC5 Algorithm,Gohin_F._Druon_J.N._and Lampert_L. (2002) A five channel chlorophyll concentration algorithm applied to SeaWiFS data processed by SeaDAS in coastal waters_International Journal of Remote Sensing_23:8_1639-1661_DOI: 10.1080/01431160110071879; Gohin_F._S. Loyer_M. Lunven_C. Labry_J.-M. Froidefond_D. Delmas_M. Huret and A. Herbland (2005). "Satellite-derived parameters for biological modelling in coastal waters: Illustration over the eastern continental shelf of the Bay of Biscay." Remote Sensing of Environment 95(1): 29-46_DOI: 10.1015/j.rse.2004.11.007; Hu_C._Lee_Z._& Franz_B. (2012). Chlorophyll a algorithms for oligotrophic oceans: A novel approach based on three-band reflectance difference . Journal of Geophysical Research_117(C1). doi: 10.1029/2011jc007395; O'Reilly_J.E._Maritorena_S._Mitchell_B. G._Siegel_D. A._Carder_K. L._Garver_S. A._Kahru_M._& McClain_C. R. (1998). Ocean color chlorophyll algorithms for SeaWiFS_Journal of Geophysical Research 103_24937-24953_doi: 10.1029/98JC02160; O'Reilly_J.E._& 24 co-authors (2000). SeaWiFS Postlaunch Calibration and Validation Analyses_Part 3. NASA Tech. Memo. 2000-206892_Vol. 11_S.B. Hooker and E.R. Firestone_Eds._NASA Goddard Space Flight Center_49 pp.,mg m^-3,Ocean Color Climate Change Initiative,SeaWiFS-OrbView2, MERIS-ENVISAT, MODIS-Aqua, VIIRS-SNPP,dataset,OC-CCI,Ocean Colour Climate Change Initiative,Source of the level 3 merged data,http://www.esa-oceancolour-cci.org/,NA,L3,V6.0,20221101-20221105
OCCCI,CHLOR_A,CCI,A_2017,2017,NES_BOTTOM_TRAWL_STRATA,01680,,860.58119,0,0.5773998,1998-01-01T00:00:00Z,2023-12-31T23:59:59Z,,Monthly range CHLOR_A data (Blended OCI, OC3/4 and OC5 Algorithm) from the OC-CCI dataset,,,,,,,Monthly range,,,,,,seconds since 1970-01-01T00:00:00Z,1970-01-01T00:00:00Z,12 months,Ocean Color,,,CHLOR_A,chlorophyll a,CCI,Blended OCI, OC3/4 and OC5 Algorithm,Gohin_F._Druon_J.N._and Lampert_L. (2002) A five channel chlorophyll concentration algorithm applied to SeaWiFS data processed by SeaDAS in coastal waters_International Journal of Remote Sensing_23:8_1639-1661_DOI: 10.1080/01431160110071879; Gohin_F._S. Loyer_M. Lunven_C. Labry_J.-M. Froidefond_D. Delmas_M. Huret and A. Herbland (2005). "Satellite-derived parameters for biological modelling in coastal waters: Illustration over the eastern continental shelf of the Bay of Biscay." Remote Sensing of Environment 95(1): 29-46_DOI: 10.1015/j.rse.2004.11.007; Hu_C._Lee_Z._& Franz_B. (2012). Chlorophyll a algorithms for oligotrophic oceans: A novel approach based on three-band reflectance difference . Journal of Geophysical Research_117(C1). doi: 10.1029/2011jc007395; O'Reilly_J.E._Maritorena_S._Mitchell_B. G._Siegel_D. A._Carder_K. L._Garver_S. A._Kahru_M._& McClain_C. R. (1998). Ocean color chlorophyll algorithms for SeaWiFS_Journal of Geophysical Research 103_24937-24953_doi: 10.1029/98JC02160; O'Reilly_J.E._& 24 co-authors (2000). SeaWiFS Postlaunch Calibration and Validation Analyses_Part 3. NASA Tech. Memo. 2000-206892_Vol. 11_S.B. Hooker and E.R. Firestone_Eds._NASA Goddard Space Flight Center_49 pp.,mg m^-3,Ocean Color Climate Change Initiative,SeaWiFS-OrbView2, MERIS-ENVISAT, MODIS-Aqua, VIIRS-SNPP,dataset,OC-CCI,Ocean Colour Climate Change Initiative,Source of the level 3 merged data,http://www.esa-oceancolour-cci.org/,NA,L3,V6.0,20221101-20221105
OCCCI,CHLOR_A,CCI,A_2018,2018,NES_BOTTOM_TRAWL_STRATA,01680,,860.58119,0,0.5127133,1998-01-01T00:00:00Z,2023-12-31T23:59:59Z,,Monthly range CHLOR_A data (Blended OCI, OC3/4 and OC5 Algorithm) from the OC-CCI dataset,,,,,,,Monthly range,,,,,,seconds since 1970-01-01T00:00:00Z,1970-01-01T00:00:00Z,12 months,Ocean Color,,,CHLOR_A,chlorophyll a,CCI,Blended OCI, OC3/4 and OC5 Algorithm,Gohin_F._Druon_J.N._and Lampert_L. (2002) A five channel chlorophyll concentration algorithm applied to SeaWiFS data processed by SeaDAS in coastal waters_International Journal of Remote Sensing_23:8_1639-1661_DOI: 10.1080/01431160110071879; Gohin_F._S. Loyer_M. Lunven_C. Labry_J.-M. Froidefond_D. Delmas_M. Huret and A. Herbland (2005). "Satellite-derived parameters for biological modelling in coastal waters: Illustration over the eastern continental shelf of the Bay of Biscay." Remote Sensing of Environment 95(1): 29-46_DOI: 10.1015/j.rse.2004.11.007; Hu_C._Lee_Z._& Franz_B. (2012). Chlorophyll a algorithms for oligotrophic oceans: A novel approach based on three-band reflectance difference . Journal of Geophysical Research_117(C1). doi: 10.1029/2011jc007395; O'Reilly_J.E._Maritorena_S._Mitchell_B. G._Siegel_D. A._Carder_K. L._Garver_S. A._Kahru_M._& McClain_C. R. (1998). Ocean color chlorophyll algorithms for SeaWiFS_Journal of Geophysical Research 103_24937-24953_doi: 10.1029/98JC02160; O'Reilly_J.E._& 24 co-authors (2000). SeaWiFS Postlaunch Calibration and Validation Analyses_Part 3. NASA Tech. Memo. 2000-206892_Vol. 11_S.B. Hooker and E.R. Firestone_Eds._NASA Goddard Space Flight Center_49 pp.,mg m^-3,Ocean Color Climate Change Initiative,SeaWiFS-OrbView2, MERIS-ENVISAT, MODIS-Aqua, VIIRS-SNPP,dataset,OC-CCI,Ocean Colour Climate Change Initiative,Source of the level 3 merged data,http://www.esa-oceancolour-cci.org/,NA,L3,V6.0,20221101-20221105
OCCCI,CHLOR_A,CCI,A_2019,2019,NES_BOTTOM_TRAWL_STRATA,01680,,860.58119,0,0.5530959,1998-01-01T00:00:00Z,2023-12-31T23:59:59Z,,Monthly range CHLOR_A data (Blended OCI, OC3/4 and OC5 Algorithm) from the OC-CCI dataset,,,,,,,Monthly range,,,,,,seconds since 1970-01-01T00:00:00Z,1970-01-01T00:00:00Z,12 months,Ocean Color,,,CHLOR_A,chlorophyll a,CCI,Blended OCI, OC3/4 and OC5 Algorithm,Gohin_F._Druon_J.N._and Lampert_L. (2002) A five channel chlorophyll concentration algorithm applied to SeaWiFS data processed by SeaDAS in coastal waters_International Journal of Remote Sensing_23:8_1639-1661_DOI: 10.1080/01431160110071879; Gohin_F._S. Loyer_M. Lunven_C. Labry_J.-M. Froidefond_D. Delmas_M. Huret and A. Herbland (2005). "Satellite-derived parameters for biological modelling in coastal waters: Illustration over the eastern continental shelf of the Bay of Biscay." Remote Sensing of Environment 95(1): 29-46_DOI: 10.1015/j.rse.2004.11.007; Hu_C._Lee_Z._& Franz_B. (2012). Chlorophyll a algorithms for oligotrophic oceans: A novel approach based on three-band reflectance difference . Journal of Geophysical Research_117(C1). doi: 10.1029/2011jc007395; O'Reilly_J.E._Maritorena_S._Mitchell_B. G._Siegel_D. A._Carder_K. L._Garver_S. A._Kahru_M._& McClain_C. R. (1998). Ocean color chlorophyll algorithms for SeaWiFS_Journal of Geophysical Research 103_24937-24953_doi: 10.1029/98JC02160; O'Reilly_J.E._& 24 co-authors (2000). SeaWiFS Postlaunch Calibration and Validation Analyses_Part 3. NASA Tech. Memo. 2000-206892_Vol. 11_S.B. Hooker and E.R. Firestone_Eds._NASA Goddard Space Flight Center_49 pp.,mg m^-3,Ocean Color Climate Change Initiative,SeaWiFS-OrbView2, MERIS-ENVISAT, MODIS-Aqua, VIIRS-SNPP,dataset,OC-CCI,Ocean Colour Climate Change Initiative,Source of the level 3 merged data,http://www.esa-oceancolour-cci.org/,NA,L3,V6.0,20221101-20221105
OCCCI,CHLOR_A,CCI,A_2020,2020,NES_BOTTOM_TRAWL_STRATA,01680,,860.58119,0,0.5156072,1998-01-01T00:00:00Z,2023-12-31T23:59:59Z,,Monthly range CHLOR_A data (Blended OCI, OC3/4 and OC5 Algorithm) from the OC-CCI dataset,,,,,,,Monthly range,,,,,,seconds since 1970-01-01T00:00:00Z,1970-01-01T00:00:00Z,12 months,Ocean Color,,,CHLOR_A,chlorophyll a,CCI,Blended OCI, OC3/4 and OC5 Algorithm,Gohin_F._Druon_J.N._and Lampert_L. (2002) A five channel chlorophyll concentration algorithm applied to SeaWiFS data processed by SeaDAS in coastal waters_International Journal of Remote Sensing_23:8_1639-1661_DOI: 10.1080/01431160110071879; Gohin_F._S. Loyer_M. Lunven_C. Labry_J.-M. Froidefond_D. Delmas_M. Huret and A. Herbland (2005). "Satellite-derived parameters for biological modelling in coastal waters: Illustration over the eastern continental shelf of the Bay of Biscay." Remote Sensing of Environment 95(1): 29-46_DOI: 10.1015/j.rse.2004.11.007; Hu_C._Lee_Z._& Franz_B. (2012). Chlorophyll a algorithms for oligotrophic oceans: A novel approach based on three-band reflectance difference . Journal of Geophysical Research_117(C1). doi: 10.1029/2011jc007395; O'Reilly_J.E._Maritorena_S._Mitchell_B. G._Siegel_D. A._Carder_K. L._Garver_S. A._Kahru_M._& McClain_C. R. (1998). Ocean color chlorophyll algorithms for SeaWiFS_Journal of Geophysical Research 103_24937-24953_doi: 10.1029/98JC02160; O'Reilly_J.E._& 24 co-authors (2000). SeaWiFS Postlaunch Calibration and Validation Analyses_Part 3. NASA Tech. Memo. 2000-206892_Vol. 11_S.B. Hooker and E.R. Firestone_Eds._NASA Goddard Space Flight Center_49 pp.,mg m^-3,Ocean Color Climate Change Initiative,SeaWiFS-OrbView2, MERIS-ENVISAT, MODIS-Aqua, VIIRS-SNPP,dataset,OC-CCI,Ocean Colour Climate Change Initiative,Source of the level 3 merged data,http://www.esa-oceancolour-cci.org/,NA,L3,V6.0,20221101-20221105
OCCCI,CHLOR_A,CCI,A_2021,2021,NES_BOTTOM_TRAWL_STRATA,01680,,860.58119,0,0.5308651,1998-01-01T00:00:00Z,2023-12-31T23:59:59Z,,Monthly range CHLOR_A data (Blended OCI, OC3/4 and OC5 Algorithm) from the OC-CCI dataset,,,,,,,Monthly range,,,,,,seconds since 1970-01-01T00:00:00Z,1970-01-01T00:00:00Z,12 months,Ocean Color,,,CHLOR_A,chlorophyll a,CCI,Blended OCI, OC3/4 and OC5 Algorithm,Gohin_F._Druon_J.N._and Lampert_L. (2002) A five channel chlorophyll concentration algorithm applied to SeaWiFS data processed by SeaDAS in coastal waters_International Journal of Remote Sensing_23:8_1639-1661_DOI: 10.1080/01431160110071879; Gohin_F._S. Loyer_M. Lunven_C. Labry_J.-M. Froidefond_D. Delmas_M. Huret and A. Herbland (2005). "Satellite-derived parameters for biological modelling in coastal waters: Illustration over the eastern continental shelf of the Bay of Biscay." Remote Sensing of Environment 95(1): 29-46_DOI: 10.1015/j.rse.2004.11.007; Hu_C._Lee_Z._& Franz_B. (2012). Chlorophyll a algorithms for oligotrophic oceans: A novel approach based on three-band reflectance difference . Journal of Geophysical Research_117(C1). doi: 10.1029/2011jc007395; O'Reilly_J.E._Maritorena_S._Mitchell_B. G._Siegel_D. A._Carder_K. L._Garver_S. A._Kahru_M._& McClain_C. R. (1998). Ocean color chlorophyll algorithms for SeaWiFS_Journal of Geophysical Research 103_24937-24953_doi: 10.1029/98JC02160; O'Reilly_J.E._& 24 co-authors (2000). SeaWiFS Postlaunch Calibration and Validation Analyses_Part 3. NASA Tech. Memo. 2000-206892_Vol. 11_S.B. Hooker and E.R. Firestone_Eds._NASA Goddard Space Flight Center_49 pp.,mg m^-3,Ocean Color Climate Change Initiative,SeaWiFS-OrbView2, MERIS-ENVISAT, MODIS-Aqua, VIIRS-SNPP,dataset,OC-CCI,Ocean Colour Climate Change Initiative,Source of the level 3 merged data,http://www.esa-oceancolour-cci.org/,NA,L3,V6.0,20221101-20221105
OCCCI,CHLOR_A,CCI,A_2022,2022,NES_BOTTOM_TRAWL_STRATA,01680,,860.58119,0,0.5869687,1998-01-01T00:00:00Z,2023-12-31T23:59:59Z,,Monthly range CHLOR_A data (Blended OCI, OC3/4 and OC5 Algorithm) from the OC-CCI dataset,,,,,,,Monthly range,,,,,,seconds since 1970-01-01T00:00:00Z,1970-01-01T00:00:00Z,12 months,Ocean Color,,,CHLOR_A,chlorophyll a,CCI,Blended OCI, OC3/4 and OC5 Algorithm,Gohin_F._Druon_J.N._and Lampert_L. (2002) A five channel chlorophyll concentration algorithm applied to SeaWiFS data processed by SeaDAS in coastal waters_International Journal of Remote Sensing_23:8_1639-1661_DOI: 10.1080/01431160110071879; Gohin_F._S. Loyer_M. Lunven_C. Labry_J.-M. Froidefond_D. Delmas_M. Huret and A. Herbland (2005). "Satellite-derived parameters for biological modelling in coastal waters: Illustration over the eastern continental shelf of the Bay of Biscay." Remote Sensing of Environment 95(1): 29-46_DOI: 10.1015/j.rse.2004.11.007; Hu_C._Lee_Z._& Franz_B. (2012). Chlorophyll a algorithms for oligotrophic oceans: A novel approach based on three-band reflectance difference . Journal of Geophysical Research_117(C1). doi: 10.1029/2011jc007395; O'Reilly_J.E._Maritorena_S._Mitchell_B. G._Siegel_D. A._Carder_K. L._Garver_S. A._Kahru_M._& McClain_C. R. (1998). Ocean color chlorophyll algorithms for SeaWiFS_Journal of Geophysical Research 103_24937-24953_doi: 10.1029/98JC02160; O'Reilly_J.E._& 24 co-authors (2000). SeaWiFS Postlaunch Calibration and Validation Analyses_Part 3. NASA Tech. Memo. 2000-206892_Vol. 11_S.B. Hooker and E.R. Firestone_Eds._NASA Goddard Space Flight Center_49 pp.,mg m^-3,Ocean Color Climate Change Initiative,SeaWiFS-OrbView2, MERIS-ENVISAT, MODIS-Aqua, VIIRS-SNPP,dataset,OC-CCI,Ocean Colour Climate Change Initiative,Source of the level 3 merged data,http://www.esa-oceancolour-cci.org/,NA,L3,V6.0,20221101-20221105
OCCCI,CHLOR_A,CCI,A_2023,2023,NES_BOTTOM_TRAWL_STRATA,01680,,860.58119,0,0.5303909,1998-01-01T00:00:00Z,2023-12-31T23:59:59Z,,Monthly range CHLOR_A data (Blended OCI, OC3/4 and OC5 Algorithm) from the OC-CCI dataset,,,,,,,Monthly range,,,,,,seconds since 1970-01-01T00:00:00Z,1970-01-01T00:00:00Z,12 months,Ocean Color,,,CHLOR_A,chlorophyll a,CCI,Blended OCI, OC3/4 and OC5 Algorithm,Gohin_F._Druon_J.N._and Lampert_L. (2002) A five channel chlorophyll concentration algorithm applied to SeaWiFS data processed by SeaDAS in coastal waters_International Journal of Remote Sensing_23:8_1639-1661_DOI: 10.1080/01431160110071879; Gohin_F._S. Loyer_M. Lunven_C. Labry_J.-M. Froidefond_D. Delmas_M. Huret and A. Herbland (2005). "Satellite-derived parameters for biological modelling in coastal waters: Illustration over the eastern continental shelf of the Bay of Biscay." Remote Sensing of Environment 95(1): 29-46_DOI: 10.1015/j.rse.2004.11.007; Hu_C._Lee_Z._& Franz_B. (2012). Chlorophyll a algorithms for oligotrophic oceans: A novel approach based on three-band reflectance difference . Journal of Geophysical Research_117(C1). doi: 10.1029/2011jc007395; O'Reilly_J.E._Maritorena_S._Mitchell_B. G._Siegel_D. A._Carder_K. L._Garver_S. A._Kahru_M._& McClain_C. R. (1998). Ocean color chlorophyll algorithms for SeaWiFS_Journal of Geophysical Research 103_24937-24953_doi: 10.1029/98JC02160; O'Reilly_J.E._& 24 co-authors (2000). SeaWiFS Postlaunch Calibration and Validation Analyses_Part 3. NASA Tech. Memo. 2000-206892_Vol. 11_S.B. Hooker and E.R. Firestone_Eds._NASA Goddard Space Flight Center_49 pp.,mg m^-3,Ocean Color Climate Change Initiative,SeaWiFS-OrbView2, MERIS-ENVISAT, MODIS-Aqua, VIIRS-SNPP,dataset,OC-CCI,Ocean Colour Climate Change Initiative,Source of the level 3 merged data,http://www.esa-oceancolour-cci.org/,NA,L3,V6.0,20221101-20221105
