SENSOR,PROD,ALG,YEAR,SUBAREA_NAME,TOTAL_PIXEL_AREA_KM2,N_MONTHS,ANNUAL_MEAN,NC_NAME,TITLE,ID,HISTORY,SUMMARY,KEYWORDS,MAP,RESOLUTION,PERIOD_NAME,PERIOD_METHOD,CLIM_BOUNDS,CLIM_METHOD,CLIM_START,CLIM_END,TIME_UNITS,TIME_ORIGIN,DURATION,IOOS_CATEGORY,STAT_LABEL,LEVEL,PROD$2,PROD_NAME,ALG$2,ALG_NAME,ALG_REFERENCE,UNITS,SENSOR_NAME,PLATFORM,PLATFORM_TYPE,SHORT_NAME,CONTRIBUTOR_NAME,CONTRIBUTOR_ROLE,SOURCE_DATA_URL,SOURCE_DATA_DOI,SOURCE_DATA_LEVEL,SOURCE_DATA_VERSION,SOURCE_DATA_ACCESS_DATE,PERIOD_CODE,TIME
OCCCI,CHLOR_A,CCI,1998,GB,95372.940,0,0.7648701,,Monthly range CHLOR_A data (Blended OCI, OC3/4 and OC5 Algorithm) from the OC-CCI dataset,,,,,,,Monthly range,,,,,,seconds since 1970-01-01T00:00:00Z,1970-01-01T00:00:00Z,12 months,Ocean Color,,,CHLOR_A,chlorophyll a,CCI,Blended OCI, OC3/4 and OC5 Algorithm,Gohin_F._Druon_J.N._and Lampert_L. (2002) A five channel chlorophyll concentration algorithm applied to SeaWiFS data processed by SeaDAS in coastal waters_International Journal of Remote Sensing_23:8_1639-1661_DOI: 10.1080/01431160110071879; Gohin_F._S. Loyer_M. Lunven_C. Labry_J.-M. Froidefond_D. Delmas_M. Huret and A. Herbland (2005). "Satellite-derived parameters for biological modelling in coastal waters: Illustration over the eastern continental shelf of the Bay of Biscay." Remote Sensing of Environment 95(1): 29-46_DOI: 10.1015/j.rse.2004.11.007; Hu_C._Lee_Z._& Franz_B. (2012). Chlorophyll a algorithms for oligotrophic oceans: A novel approach based on three-band reflectance difference . Journal of Geophysical Research_117(C1). doi: 10.1029/2011jc007395; O'Reilly_J.E._Maritorena_S._Mitchell_B. G._Siegel_D. A._Carder_K. L._Garver_S. A._Kahru_M._& McClain_C. R. (1998). Ocean color chlorophyll algorithms for SeaWiFS_Journal of Geophysical Research 103_24937-24953_doi: 10.1029/98JC02160; O'Reilly_J.E._& 24 co-authors (2000). SeaWiFS Postlaunch Calibration and Validation Analyses_Part 3. NASA Tech. Memo. 2000-206892_Vol. 11_S.B. Hooker and E.R. Firestone_Eds._NASA Goddard Space Flight Center_49 pp.,mg m^-3,Ocean Color Climate Change Initiative,SeaWiFS-OrbView2, MERIS-ENVISAT, MODIS-Aqua, VIIRS-SNPP,dataset,OC-CCI,Ocean Colour Climate Change Initiative,Source of the level 3 merged data,http://www.esa-oceancolour-cci.org/,NA,L3,V6.0,20221101-20221105,MM,1640995200.000000
OCCCI,CHLOR_A,CCI,1999,GB,95372.940,0,0.7505909,,Monthly range CHLOR_A data (Blended OCI, OC3/4 and OC5 Algorithm) from the OC-CCI dataset,,,,,,,Monthly range,,,,,,seconds since 1970-01-01T00:00:00Z,1970-01-01T00:00:00Z,12 months,Ocean Color,,,CHLOR_A,chlorophyll a,CCI,Blended OCI, OC3/4 and OC5 Algorithm,Gohin_F._Druon_J.N._and Lampert_L. (2002) A five channel chlorophyll concentration algorithm applied to SeaWiFS data processed by SeaDAS in coastal waters_International Journal of Remote Sensing_23:8_1639-1661_DOI: 10.1080/01431160110071879; Gohin_F._S. Loyer_M. Lunven_C. Labry_J.-M. Froidefond_D. Delmas_M. Huret and A. Herbland (2005). "Satellite-derived parameters for biological modelling in coastal waters: Illustration over the eastern continental shelf of the Bay of Biscay." Remote Sensing of Environment 95(1): 29-46_DOI: 10.1015/j.rse.2004.11.007; Hu_C._Lee_Z._& Franz_B. (2012). Chlorophyll a algorithms for oligotrophic oceans: A novel approach based on three-band reflectance difference . Journal of Geophysical Research_117(C1). doi: 10.1029/2011jc007395; O'Reilly_J.E._Maritorena_S._Mitchell_B. G._Siegel_D. A._Carder_K. L._Garver_S. A._Kahru_M._& McClain_C. R. (1998). Ocean color chlorophyll algorithms for SeaWiFS_Journal of Geophysical Research 103_24937-24953_doi: 10.1029/98JC02160; O'Reilly_J.E._& 24 co-authors (2000). SeaWiFS Postlaunch Calibration and Validation Analyses_Part 3. NASA Tech. Memo. 2000-206892_Vol. 11_S.B. Hooker and E.R. Firestone_Eds._NASA Goddard Space Flight Center_49 pp.,mg m^-3,Ocean Color Climate Change Initiative,SeaWiFS-OrbView2, MERIS-ENVISAT, MODIS-Aqua, VIIRS-SNPP,dataset,OC-CCI,Ocean Colour Climate Change Initiative,Source of the level 3 merged data,http://www.esa-oceancolour-cci.org/,NA,L3,V6.0,20221101-20221105,MM,1640995200.000000
OCCCI,CHLOR_A,CCI,2000,GB,95372.940,0,0.8543853,,Monthly range CHLOR_A data (Blended OCI, OC3/4 and OC5 Algorithm) from the OC-CCI dataset,,,,,,,Monthly range,,,,,,seconds since 1970-01-01T00:00:00Z,1970-01-01T00:00:00Z,12 months,Ocean Color,,,CHLOR_A,chlorophyll a,CCI,Blended OCI, OC3/4 and OC5 Algorithm,Gohin_F._Druon_J.N._and Lampert_L. (2002) A five channel chlorophyll concentration algorithm applied to SeaWiFS data processed by SeaDAS in coastal waters_International Journal of Remote Sensing_23:8_1639-1661_DOI: 10.1080/01431160110071879; Gohin_F._S. Loyer_M. Lunven_C. Labry_J.-M. Froidefond_D. Delmas_M. Huret and A. Herbland (2005). "Satellite-derived parameters for biological modelling in coastal waters: Illustration over the eastern continental shelf of the Bay of Biscay." Remote Sensing of Environment 95(1): 29-46_DOI: 10.1015/j.rse.2004.11.007; Hu_C._Lee_Z._& Franz_B. (2012). Chlorophyll a algorithms for oligotrophic oceans: A novel approach based on three-band reflectance difference . Journal of Geophysical Research_117(C1). doi: 10.1029/2011jc007395; O'Reilly_J.E._Maritorena_S._Mitchell_B. G._Siegel_D. A._Carder_K. L._Garver_S. A._Kahru_M._& McClain_C. R. (1998). Ocean color chlorophyll algorithms for SeaWiFS_Journal of Geophysical Research 103_24937-24953_doi: 10.1029/98JC02160; O'Reilly_J.E._& 24 co-authors (2000). SeaWiFS Postlaunch Calibration and Validation Analyses_Part 3. NASA Tech. Memo. 2000-206892_Vol. 11_S.B. Hooker and E.R. Firestone_Eds._NASA Goddard Space Flight Center_49 pp.,mg m^-3,Ocean Color Climate Change Initiative,SeaWiFS-OrbView2, MERIS-ENVISAT, MODIS-Aqua, VIIRS-SNPP,dataset,OC-CCI,Ocean Colour Climate Change Initiative,Source of the level 3 merged data,http://www.esa-oceancolour-cci.org/,NA,L3,V6.0,20221101-20221105,MM,1640995200.000000
OCCCI,CHLOR_A,CCI,2001,GB,95372.940,0,0.7657418,,Monthly range CHLOR_A data (Blended OCI, OC3/4 and OC5 Algorithm) from the OC-CCI dataset,,,,,,,Monthly range,,,,,,seconds since 1970-01-01T00:00:00Z,1970-01-01T00:00:00Z,12 months,Ocean Color,,,CHLOR_A,chlorophyll a,CCI,Blended OCI, OC3/4 and OC5 Algorithm,Gohin_F._Druon_J.N._and Lampert_L. (2002) A five channel chlorophyll concentration algorithm applied to SeaWiFS data processed by SeaDAS in coastal waters_International Journal of Remote Sensing_23:8_1639-1661_DOI: 10.1080/01431160110071879; Gohin_F._S. Loyer_M. Lunven_C. Labry_J.-M. Froidefond_D. Delmas_M. Huret and A. Herbland (2005). "Satellite-derived parameters for biological modelling in coastal waters: Illustration over the eastern continental shelf of the Bay of Biscay." Remote Sensing of Environment 95(1): 29-46_DOI: 10.1015/j.rse.2004.11.007; Hu_C._Lee_Z._& Franz_B. (2012). Chlorophyll a algorithms for oligotrophic oceans: A novel approach based on three-band reflectance difference . Journal of Geophysical Research_117(C1). doi: 10.1029/2011jc007395; O'Reilly_J.E._Maritorena_S._Mitchell_B. G._Siegel_D. A._Carder_K. L._Garver_S. A._Kahru_M._& McClain_C. R. (1998). Ocean color chlorophyll algorithms for SeaWiFS_Journal of Geophysical Research 103_24937-24953_doi: 10.1029/98JC02160; O'Reilly_J.E._& 24 co-authors (2000). SeaWiFS Postlaunch Calibration and Validation Analyses_Part 3. NASA Tech. Memo. 2000-206892_Vol. 11_S.B. Hooker and E.R. Firestone_Eds._NASA Goddard Space Flight Center_49 pp.,mg m^-3,Ocean Color Climate Change Initiative,SeaWiFS-OrbView2, MERIS-ENVISAT, MODIS-Aqua, VIIRS-SNPP,dataset,OC-CCI,Ocean Colour Climate Change Initiative,Source of the level 3 merged data,http://www.esa-oceancolour-cci.org/,NA,L3,V6.0,20221101-20221105,MM,1640995200.000000
OCCCI,CHLOR_A,CCI,2002,GB,95372.940,0,0.7914401,,Monthly range CHLOR_A data (Blended OCI, OC3/4 and OC5 Algorithm) from the OC-CCI dataset,,,,,,,Monthly range,,,,,,seconds since 1970-01-01T00:00:00Z,1970-01-01T00:00:00Z,12 months,Ocean Color,,,CHLOR_A,chlorophyll a,CCI,Blended OCI, OC3/4 and OC5 Algorithm,Gohin_F._Druon_J.N._and Lampert_L. (2002) A five channel chlorophyll concentration algorithm applied to SeaWiFS data processed by SeaDAS in coastal waters_International Journal of Remote Sensing_23:8_1639-1661_DOI: 10.1080/01431160110071879; Gohin_F._S. Loyer_M. Lunven_C. Labry_J.-M. Froidefond_D. Delmas_M. Huret and A. Herbland (2005). "Satellite-derived parameters for biological modelling in coastal waters: Illustration over the eastern continental shelf of the Bay of Biscay." Remote Sensing of Environment 95(1): 29-46_DOI: 10.1015/j.rse.2004.11.007; Hu_C._Lee_Z._& Franz_B. (2012). Chlorophyll a algorithms for oligotrophic oceans: A novel approach based on three-band reflectance difference . Journal of Geophysical Research_117(C1). doi: 10.1029/2011jc007395; O'Reilly_J.E._Maritorena_S._Mitchell_B. G._Siegel_D. A._Carder_K. L._Garver_S. A._Kahru_M._& McClain_C. R. (1998). Ocean color chlorophyll algorithms for SeaWiFS_Journal of Geophysical Research 103_24937-24953_doi: 10.1029/98JC02160; O'Reilly_J.E._& 24 co-authors (2000). SeaWiFS Postlaunch Calibration and Validation Analyses_Part 3. NASA Tech. Memo. 2000-206892_Vol. 11_S.B. Hooker and E.R. Firestone_Eds._NASA Goddard Space Flight Center_49 pp.,mg m^-3,Ocean Color Climate Change Initiative,SeaWiFS-OrbView2, MERIS-ENVISAT, MODIS-Aqua, VIIRS-SNPP,dataset,OC-CCI,Ocean Colour Climate Change Initiative,Source of the level 3 merged data,http://www.esa-oceancolour-cci.org/,NA,L3,V6.0,20221101-20221105,MM,1640995200.000000
OCCCI,CHLOR_A,CCI,2003,GB,95372.940,0,0.7883954,,Monthly range CHLOR_A data (Blended OCI, OC3/4 and OC5 Algorithm) from the OC-CCI dataset,,,,,,,Monthly range,,,,,,seconds since 1970-01-01T00:00:00Z,1970-01-01T00:00:00Z,12 months,Ocean Color,,,CHLOR_A,chlorophyll a,CCI,Blended OCI, OC3/4 and OC5 Algorithm,Gohin_F._Druon_J.N._and Lampert_L. (2002) A five channel chlorophyll concentration algorithm applied to SeaWiFS data processed by SeaDAS in coastal waters_International Journal of Remote Sensing_23:8_1639-1661_DOI: 10.1080/01431160110071879; Gohin_F._S. Loyer_M. Lunven_C. Labry_J.-M. Froidefond_D. Delmas_M. Huret and A. Herbland (2005). "Satellite-derived parameters for biological modelling in coastal waters: Illustration over the eastern continental shelf of the Bay of Biscay." Remote Sensing of Environment 95(1): 29-46_DOI: 10.1015/j.rse.2004.11.007; Hu_C._Lee_Z._& Franz_B. (2012). Chlorophyll a algorithms for oligotrophic oceans: A novel approach based on three-band reflectance difference . Journal of Geophysical Research_117(C1). doi: 10.1029/2011jc007395; O'Reilly_J.E._Maritorena_S._Mitchell_B. G._Siegel_D. A._Carder_K. L._Garver_S. A._Kahru_M._& McClain_C. R. (1998). Ocean color chlorophyll algorithms for SeaWiFS_Journal of Geophysical Research 103_24937-24953_doi: 10.1029/98JC02160; O'Reilly_J.E._& 24 co-authors (2000). SeaWiFS Postlaunch Calibration and Validation Analyses_Part 3. NASA Tech. Memo. 2000-206892_Vol. 11_S.B. Hooker and E.R. Firestone_Eds._NASA Goddard Space Flight Center_49 pp.,mg m^-3,Ocean Color Climate Change Initiative,SeaWiFS-OrbView2, MERIS-ENVISAT, MODIS-Aqua, VIIRS-SNPP,dataset,OC-CCI,Ocean Colour Climate Change Initiative,Source of the level 3 merged data,http://www.esa-oceancolour-cci.org/,NA,L3,V6.0,20221101-20221105,MM,1640995200.000000
OCCCI,CHLOR_A,CCI,2004,GB,95372.940,0,0.7931736,,Monthly range CHLOR_A data (Blended OCI, OC3/4 and OC5 Algorithm) from the OC-CCI dataset,,,,,,,Monthly range,,,,,,seconds since 1970-01-01T00:00:00Z,1970-01-01T00:00:00Z,12 months,Ocean Color,,,CHLOR_A,chlorophyll a,CCI,Blended OCI, OC3/4 and OC5 Algorithm,Gohin_F._Druon_J.N._and Lampert_L. (2002) A five channel chlorophyll concentration algorithm applied to SeaWiFS data processed by SeaDAS in coastal waters_International Journal of Remote Sensing_23:8_1639-1661_DOI: 10.1080/01431160110071879; Gohin_F._S. Loyer_M. Lunven_C. Labry_J.-M. Froidefond_D. Delmas_M. Huret and A. Herbland (2005). "Satellite-derived parameters for biological modelling in coastal waters: Illustration over the eastern continental shelf of the Bay of Biscay." Remote Sensing of Environment 95(1): 29-46_DOI: 10.1015/j.rse.2004.11.007; Hu_C._Lee_Z._& Franz_B. (2012). Chlorophyll a algorithms for oligotrophic oceans: A novel approach based on three-band reflectance difference . Journal of Geophysical Research_117(C1). doi: 10.1029/2011jc007395; O'Reilly_J.E._Maritorena_S._Mitchell_B. G._Siegel_D. A._Carder_K. L._Garver_S. A._Kahru_M._& McClain_C. R. (1998). Ocean color chlorophyll algorithms for SeaWiFS_Journal of Geophysical Research 103_24937-24953_doi: 10.1029/98JC02160; O'Reilly_J.E._& 24 co-authors (2000). SeaWiFS Postlaunch Calibration and Validation Analyses_Part 3. NASA Tech. Memo. 2000-206892_Vol. 11_S.B. Hooker and E.R. Firestone_Eds._NASA Goddard Space Flight Center_49 pp.,mg m^-3,Ocean Color Climate Change Initiative,SeaWiFS-OrbView2, MERIS-ENVISAT, MODIS-Aqua, VIIRS-SNPP,dataset,OC-CCI,Ocean Colour Climate Change Initiative,Source of the level 3 merged data,http://www.esa-oceancolour-cci.org/,NA,L3,V6.0,20221101-20221105,MM,1640995200.000000
OCCCI,CHLOR_A,CCI,2005,GB,95372.940,0,0.7898747,,Monthly range CHLOR_A data (Blended OCI, OC3/4 and OC5 Algorithm) from the OC-CCI dataset,,,,,,,Monthly range,,,,,,seconds since 1970-01-01T00:00:00Z,1970-01-01T00:00:00Z,12 months,Ocean Color,,,CHLOR_A,chlorophyll a,CCI,Blended OCI, OC3/4 and OC5 Algorithm,Gohin_F._Druon_J.N._and Lampert_L. (2002) A five channel chlorophyll concentration algorithm applied to SeaWiFS data processed by SeaDAS in coastal waters_International Journal of Remote Sensing_23:8_1639-1661_DOI: 10.1080/01431160110071879; Gohin_F._S. Loyer_M. Lunven_C. Labry_J.-M. Froidefond_D. Delmas_M. Huret and A. Herbland (2005). "Satellite-derived parameters for biological modelling in coastal waters: Illustration over the eastern continental shelf of the Bay of Biscay." Remote Sensing of Environment 95(1): 29-46_DOI: 10.1015/j.rse.2004.11.007; Hu_C._Lee_Z._& Franz_B. (2012). Chlorophyll a algorithms for oligotrophic oceans: A novel approach based on three-band reflectance difference . Journal of Geophysical Research_117(C1). doi: 10.1029/2011jc007395; O'Reilly_J.E._Maritorena_S._Mitchell_B. G._Siegel_D. A._Carder_K. L._Garver_S. A._Kahru_M._& McClain_C. R. (1998). Ocean color chlorophyll algorithms for SeaWiFS_Journal of Geophysical Research 103_24937-24953_doi: 10.1029/98JC02160; O'Reilly_J.E._& 24 co-authors (2000). SeaWiFS Postlaunch Calibration and Validation Analyses_Part 3. NASA Tech. Memo. 2000-206892_Vol. 11_S.B. Hooker and E.R. Firestone_Eds._NASA Goddard Space Flight Center_49 pp.,mg m^-3,Ocean Color Climate Change Initiative,SeaWiFS-OrbView2, MERIS-ENVISAT, MODIS-Aqua, VIIRS-SNPP,dataset,OC-CCI,Ocean Colour Climate Change Initiative,Source of the level 3 merged data,http://www.esa-oceancolour-cci.org/,NA,L3,V6.0,20221101-20221105,MM,1640995200.000000
OCCCI,CHLOR_A,CCI,2006,GB,95372.940,0,0.8840942,,Monthly range CHLOR_A data (Blended OCI, OC3/4 and OC5 Algorithm) from the OC-CCI dataset,,,,,,,Monthly range,,,,,,seconds since 1970-01-01T00:00:00Z,1970-01-01T00:00:00Z,12 months,Ocean Color,,,CHLOR_A,chlorophyll a,CCI,Blended OCI, OC3/4 and OC5 Algorithm,Gohin_F._Druon_J.N._and Lampert_L. (2002) A five channel chlorophyll concentration algorithm applied to SeaWiFS data processed by SeaDAS in coastal waters_International Journal of Remote Sensing_23:8_1639-1661_DOI: 10.1080/01431160110071879; Gohin_F._S. Loyer_M. Lunven_C. Labry_J.-M. Froidefond_D. Delmas_M. Huret and A. Herbland (2005). "Satellite-derived parameters for biological modelling in coastal waters: Illustration over the eastern continental shelf of the Bay of Biscay." Remote Sensing of Environment 95(1): 29-46_DOI: 10.1015/j.rse.2004.11.007; Hu_C._Lee_Z._& Franz_B. (2012). Chlorophyll a algorithms for oligotrophic oceans: A novel approach based on three-band reflectance difference . Journal of Geophysical Research_117(C1). doi: 10.1029/2011jc007395; O'Reilly_J.E._Maritorena_S._Mitchell_B. G._Siegel_D. A._Carder_K. L._Garver_S. A._Kahru_M._& McClain_C. R. (1998). Ocean color chlorophyll algorithms for SeaWiFS_Journal of Geophysical Research 103_24937-24953_doi: 10.1029/98JC02160; O'Reilly_J.E._& 24 co-authors (2000). SeaWiFS Postlaunch Calibration and Validation Analyses_Part 3. NASA Tech. Memo. 2000-206892_Vol. 11_S.B. Hooker and E.R. Firestone_Eds._NASA Goddard Space Flight Center_49 pp.,mg m^-3,Ocean Color Climate Change Initiative,SeaWiFS-OrbView2, MERIS-ENVISAT, MODIS-Aqua, VIIRS-SNPP,dataset,OC-CCI,Ocean Colour Climate Change Initiative,Source of the level 3 merged data,http://www.esa-oceancolour-cci.org/,NA,L3,V6.0,20221101-20221105,MM,1640995200.000000
OCCCI,CHLOR_A,CCI,2007,GB,95372.940,0,0.8673635,,Monthly range CHLOR_A data (Blended OCI, OC3/4 and OC5 Algorithm) from the OC-CCI dataset,,,,,,,Monthly range,,,,,,seconds since 1970-01-01T00:00:00Z,1970-01-01T00:00:00Z,12 months,Ocean Color,,,CHLOR_A,chlorophyll a,CCI,Blended OCI, OC3/4 and OC5 Algorithm,Gohin_F._Druon_J.N._and Lampert_L. (2002) A five channel chlorophyll concentration algorithm applied to SeaWiFS data processed by SeaDAS in coastal waters_International Journal of Remote Sensing_23:8_1639-1661_DOI: 10.1080/01431160110071879; Gohin_F._S. Loyer_M. Lunven_C. Labry_J.-M. Froidefond_D. Delmas_M. Huret and A. Herbland (2005). "Satellite-derived parameters for biological modelling in coastal waters: Illustration over the eastern continental shelf of the Bay of Biscay." Remote Sensing of Environment 95(1): 29-46_DOI: 10.1015/j.rse.2004.11.007; Hu_C._Lee_Z._& Franz_B. (2012). Chlorophyll a algorithms for oligotrophic oceans: A novel approach based on three-band reflectance difference . Journal of Geophysical Research_117(C1). doi: 10.1029/2011jc007395; O'Reilly_J.E._Maritorena_S._Mitchell_B. G._Siegel_D. A._Carder_K. L._Garver_S. A._Kahru_M._& McClain_C. R. (1998). Ocean color chlorophyll algorithms for SeaWiFS_Journal of Geophysical Research 103_24937-24953_doi: 10.1029/98JC02160; O'Reilly_J.E._& 24 co-authors (2000). SeaWiFS Postlaunch Calibration and Validation Analyses_Part 3. NASA Tech. Memo. 2000-206892_Vol. 11_S.B. Hooker and E.R. Firestone_Eds._NASA Goddard Space Flight Center_49 pp.,mg m^-3,Ocean Color Climate Change Initiative,SeaWiFS-OrbView2, MERIS-ENVISAT, MODIS-Aqua, VIIRS-SNPP,dataset,OC-CCI,Ocean Colour Climate Change Initiative,Source of the level 3 merged data,http://www.esa-oceancolour-cci.org/,NA,L3,V6.0,20221101-20221105,MM,1640995200.000000
OCCCI,CHLOR_A,CCI,2008,GB,95372.940,0,0.8285670,,Monthly range CHLOR_A data (Blended OCI, OC3/4 and OC5 Algorithm) from the OC-CCI dataset,,,,,,,Monthly range,,,,,,seconds since 1970-01-01T00:00:00Z,1970-01-01T00:00:00Z,12 months,Ocean Color,,,CHLOR_A,chlorophyll a,CCI,Blended OCI, OC3/4 and OC5 Algorithm,Gohin_F._Druon_J.N._and Lampert_L. (2002) A five channel chlorophyll concentration algorithm applied to SeaWiFS data processed by SeaDAS in coastal waters_International Journal of Remote Sensing_23:8_1639-1661_DOI: 10.1080/01431160110071879; Gohin_F._S. Loyer_M. Lunven_C. Labry_J.-M. Froidefond_D. Delmas_M. Huret and A. Herbland (2005). "Satellite-derived parameters for biological modelling in coastal waters: Illustration over the eastern continental shelf of the Bay of Biscay." Remote Sensing of Environment 95(1): 29-46_DOI: 10.1015/j.rse.2004.11.007; Hu_C._Lee_Z._& Franz_B. (2012). Chlorophyll a algorithms for oligotrophic oceans: A novel approach based on three-band reflectance difference . Journal of Geophysical Research_117(C1). doi: 10.1029/2011jc007395; O'Reilly_J.E._Maritorena_S._Mitchell_B. G._Siegel_D. A._Carder_K. L._Garver_S. A._Kahru_M._& McClain_C. R. (1998). Ocean color chlorophyll algorithms for SeaWiFS_Journal of Geophysical Research 103_24937-24953_doi: 10.1029/98JC02160; O'Reilly_J.E._& 24 co-authors (2000). SeaWiFS Postlaunch Calibration and Validation Analyses_Part 3. NASA Tech. Memo. 2000-206892_Vol. 11_S.B. Hooker and E.R. Firestone_Eds._NASA Goddard Space Flight Center_49 pp.,mg m^-3,Ocean Color Climate Change Initiative,SeaWiFS-OrbView2, MERIS-ENVISAT, MODIS-Aqua, VIIRS-SNPP,dataset,OC-CCI,Ocean Colour Climate Change Initiative,Source of the level 3 merged data,http://www.esa-oceancolour-cci.org/,NA,L3,V6.0,20221101-20221105,MM,1640995200.000000
OCCCI,CHLOR_A,CCI,2009,GB,95372.940,0,0.8141024,,Monthly range CHLOR_A data (Blended OCI, OC3/4 and OC5 Algorithm) from the OC-CCI dataset,,,,,,,Monthly range,,,,,,seconds since 1970-01-01T00:00:00Z,1970-01-01T00:00:00Z,12 months,Ocean Color,,,CHLOR_A,chlorophyll a,CCI,Blended OCI, OC3/4 and OC5 Algorithm,Gohin_F._Druon_J.N._and Lampert_L. (2002) A five channel chlorophyll concentration algorithm applied to SeaWiFS data processed by SeaDAS in coastal waters_International Journal of Remote Sensing_23:8_1639-1661_DOI: 10.1080/01431160110071879; Gohin_F._S. Loyer_M. Lunven_C. Labry_J.-M. Froidefond_D. Delmas_M. Huret and A. Herbland (2005). "Satellite-derived parameters for biological modelling in coastal waters: Illustration over the eastern continental shelf of the Bay of Biscay." Remote Sensing of Environment 95(1): 29-46_DOI: 10.1015/j.rse.2004.11.007; Hu_C._Lee_Z._& Franz_B. (2012). Chlorophyll a algorithms for oligotrophic oceans: A novel approach based on three-band reflectance difference . Journal of Geophysical Research_117(C1). doi: 10.1029/2011jc007395; O'Reilly_J.E._Maritorena_S._Mitchell_B. G._Siegel_D. A._Carder_K. L._Garver_S. A._Kahru_M._& McClain_C. R. (1998). Ocean color chlorophyll algorithms for SeaWiFS_Journal of Geophysical Research 103_24937-24953_doi: 10.1029/98JC02160; O'Reilly_J.E._& 24 co-authors (2000). SeaWiFS Postlaunch Calibration and Validation Analyses_Part 3. NASA Tech. Memo. 2000-206892_Vol. 11_S.B. Hooker and E.R. Firestone_Eds._NASA Goddard Space Flight Center_49 pp.,mg m^-3,Ocean Color Climate Change Initiative,SeaWiFS-OrbView2, MERIS-ENVISAT, MODIS-Aqua, VIIRS-SNPP,dataset,OC-CCI,Ocean Colour Climate Change Initiative,Source of the level 3 merged data,http://www.esa-oceancolour-cci.org/,NA,L3,V6.0,20221101-20221105,MM,1640995200.000000
OCCCI,CHLOR_A,CCI,2010,GB,95372.940,0,0.8139790,,Monthly range CHLOR_A data (Blended OCI, OC3/4 and OC5 Algorithm) from the OC-CCI dataset,,,,,,,Monthly range,,,,,,seconds since 1970-01-01T00:00:00Z,1970-01-01T00:00:00Z,12 months,Ocean Color,,,CHLOR_A,chlorophyll a,CCI,Blended OCI, OC3/4 and OC5 Algorithm,Gohin_F._Druon_J.N._and Lampert_L. (2002) A five channel chlorophyll concentration algorithm applied to SeaWiFS data processed by SeaDAS in coastal waters_International Journal of Remote Sensing_23:8_1639-1661_DOI: 10.1080/01431160110071879; Gohin_F._S. Loyer_M. Lunven_C. Labry_J.-M. Froidefond_D. Delmas_M. Huret and A. Herbland (2005). "Satellite-derived parameters for biological modelling in coastal waters: Illustration over the eastern continental shelf of the Bay of Biscay." Remote Sensing of Environment 95(1): 29-46_DOI: 10.1015/j.rse.2004.11.007; Hu_C._Lee_Z._& Franz_B. (2012). Chlorophyll a algorithms for oligotrophic oceans: A novel approach based on three-band reflectance difference . Journal of Geophysical Research_117(C1). doi: 10.1029/2011jc007395; O'Reilly_J.E._Maritorena_S._Mitchell_B. G._Siegel_D. A._Carder_K. L._Garver_S. A._Kahru_M._& McClain_C. R. (1998). Ocean color chlorophyll algorithms for SeaWiFS_Journal of Geophysical Research 103_24937-24953_doi: 10.1029/98JC02160; O'Reilly_J.E._& 24 co-authors (2000). SeaWiFS Postlaunch Calibration and Validation Analyses_Part 3. NASA Tech. Memo. 2000-206892_Vol. 11_S.B. Hooker and E.R. Firestone_Eds._NASA Goddard Space Flight Center_49 pp.,mg m^-3,Ocean Color Climate Change Initiative,SeaWiFS-OrbView2, MERIS-ENVISAT, MODIS-Aqua, VIIRS-SNPP,dataset,OC-CCI,Ocean Colour Climate Change Initiative,Source of the level 3 merged data,http://www.esa-oceancolour-cci.org/,NA,L3,V6.0,20221101-20221105,MM,1640995200.000000
OCCCI,CHLOR_A,CCI,2011,GB,95372.940,0,0.8511738,,Monthly range CHLOR_A data (Blended OCI, OC3/4 and OC5 Algorithm) from the OC-CCI dataset,,,,,,,Monthly range,,,,,,seconds since 1970-01-01T00:00:00Z,1970-01-01T00:00:00Z,12 months,Ocean Color,,,CHLOR_A,chlorophyll a,CCI,Blended OCI, OC3/4 and OC5 Algorithm,Gohin_F._Druon_J.N._and Lampert_L. (2002) A five channel chlorophyll concentration algorithm applied to SeaWiFS data processed by SeaDAS in coastal waters_International Journal of Remote Sensing_23:8_1639-1661_DOI: 10.1080/01431160110071879; Gohin_F._S. Loyer_M. Lunven_C. Labry_J.-M. Froidefond_D. Delmas_M. Huret and A. Herbland (2005). "Satellite-derived parameters for biological modelling in coastal waters: Illustration over the eastern continental shelf of the Bay of Biscay." Remote Sensing of Environment 95(1): 29-46_DOI: 10.1015/j.rse.2004.11.007; Hu_C._Lee_Z._& Franz_B. (2012). Chlorophyll a algorithms for oligotrophic oceans: A novel approach based on three-band reflectance difference . Journal of Geophysical Research_117(C1). doi: 10.1029/2011jc007395; O'Reilly_J.E._Maritorena_S._Mitchell_B. G._Siegel_D. A._Carder_K. L._Garver_S. A._Kahru_M._& McClain_C. R. (1998). Ocean color chlorophyll algorithms for SeaWiFS_Journal of Geophysical Research 103_24937-24953_doi: 10.1029/98JC02160; O'Reilly_J.E._& 24 co-authors (2000). SeaWiFS Postlaunch Calibration and Validation Analyses_Part 3. NASA Tech. Memo. 2000-206892_Vol. 11_S.B. Hooker and E.R. Firestone_Eds._NASA Goddard Space Flight Center_49 pp.,mg m^-3,Ocean Color Climate Change Initiative,SeaWiFS-OrbView2, MERIS-ENVISAT, MODIS-Aqua, VIIRS-SNPP,dataset,OC-CCI,Ocean Colour Climate Change Initiative,Source of the level 3 merged data,http://www.esa-oceancolour-cci.org/,NA,L3,V6.0,20221101-20221105,MM,1640995200.000000
OCCCI,CHLOR_A,CCI,2012,GB,95372.940,0,0.9037102,,Monthly range CHLOR_A data (Blended OCI, OC3/4 and OC5 Algorithm) from the OC-CCI dataset,,,,,,,Monthly range,,,,,,seconds since 1970-01-01T00:00:00Z,1970-01-01T00:00:00Z,12 months,Ocean Color,,,CHLOR_A,chlorophyll a,CCI,Blended OCI, OC3/4 and OC5 Algorithm,Gohin_F._Druon_J.N._and Lampert_L. (2002) A five channel chlorophyll concentration algorithm applied to SeaWiFS data processed by SeaDAS in coastal waters_International Journal of Remote Sensing_23:8_1639-1661_DOI: 10.1080/01431160110071879; Gohin_F._S. Loyer_M. Lunven_C. Labry_J.-M. Froidefond_D. Delmas_M. Huret and A. Herbland (2005). "Satellite-derived parameters for biological modelling in coastal waters: Illustration over the eastern continental shelf of the Bay of Biscay." Remote Sensing of Environment 95(1): 29-46_DOI: 10.1015/j.rse.2004.11.007; Hu_C._Lee_Z._& Franz_B. (2012). Chlorophyll a algorithms for oligotrophic oceans: A novel approach based on three-band reflectance difference . Journal of Geophysical Research_117(C1). doi: 10.1029/2011jc007395; O'Reilly_J.E._Maritorena_S._Mitchell_B. G._Siegel_D. A._Carder_K. L._Garver_S. A._Kahru_M._& McClain_C. R. (1998). Ocean color chlorophyll algorithms for SeaWiFS_Journal of Geophysical Research 103_24937-24953_doi: 10.1029/98JC02160; O'Reilly_J.E._& 24 co-authors (2000). SeaWiFS Postlaunch Calibration and Validation Analyses_Part 3. NASA Tech. Memo. 2000-206892_Vol. 11_S.B. Hooker and E.R. Firestone_Eds._NASA Goddard Space Flight Center_49 pp.,mg m^-3,Ocean Color Climate Change Initiative,SeaWiFS-OrbView2, MERIS-ENVISAT, MODIS-Aqua, VIIRS-SNPP,dataset,OC-CCI,Ocean Colour Climate Change Initiative,Source of the level 3 merged data,http://www.esa-oceancolour-cci.org/,NA,L3,V6.0,20221101-20221105,MM,1640995200.000000
OCCCI,CHLOR_A,CCI,2013,GB,95372.940,0,0.8044102,,Monthly range CHLOR_A data (Blended OCI, OC3/4 and OC5 Algorithm) from the OC-CCI dataset,,,,,,,Monthly range,,,,,,seconds since 1970-01-01T00:00:00Z,1970-01-01T00:00:00Z,12 months,Ocean Color,,,CHLOR_A,chlorophyll a,CCI,Blended OCI, OC3/4 and OC5 Algorithm,Gohin_F._Druon_J.N._and Lampert_L. (2002) A five channel chlorophyll concentration algorithm applied to SeaWiFS data processed by SeaDAS in coastal waters_International Journal of Remote Sensing_23:8_1639-1661_DOI: 10.1080/01431160110071879; Gohin_F._S. Loyer_M. Lunven_C. Labry_J.-M. Froidefond_D. Delmas_M. Huret and A. Herbland (2005). "Satellite-derived parameters for biological modelling in coastal waters: Illustration over the eastern continental shelf of the Bay of Biscay." Remote Sensing of Environment 95(1): 29-46_DOI: 10.1015/j.rse.2004.11.007; Hu_C._Lee_Z._& Franz_B. (2012). Chlorophyll a algorithms for oligotrophic oceans: A novel approach based on three-band reflectance difference . Journal of Geophysical Research_117(C1). doi: 10.1029/2011jc007395; O'Reilly_J.E._Maritorena_S._Mitchell_B. G._Siegel_D. A._Carder_K. L._Garver_S. A._Kahru_M._& McClain_C. R. (1998). Ocean color chlorophyll algorithms for SeaWiFS_Journal of Geophysical Research 103_24937-24953_doi: 10.1029/98JC02160; O'Reilly_J.E._& 24 co-authors (2000). SeaWiFS Postlaunch Calibration and Validation Analyses_Part 3. NASA Tech. Memo. 2000-206892_Vol. 11_S.B. Hooker and E.R. Firestone_Eds._NASA Goddard Space Flight Center_49 pp.,mg m^-3,Ocean Color Climate Change Initiative,SeaWiFS-OrbView2, MERIS-ENVISAT, MODIS-Aqua, VIIRS-SNPP,dataset,OC-CCI,Ocean Colour Climate Change Initiative,Source of the level 3 merged data,http://www.esa-oceancolour-cci.org/,NA,L3,V6.0,20221101-20221105,MM,1640995200.000000
OCCCI,CHLOR_A,CCI,2014,GB,95372.940,0,0.8762833,,Monthly range CHLOR_A data (Blended OCI, OC3/4 and OC5 Algorithm) from the OC-CCI dataset,,,,,,,Monthly range,,,,,,seconds since 1970-01-01T00:00:00Z,1970-01-01T00:00:00Z,12 months,Ocean Color,,,CHLOR_A,chlorophyll a,CCI,Blended OCI, OC3/4 and OC5 Algorithm,Gohin_F._Druon_J.N._and Lampert_L. (2002) A five channel chlorophyll concentration algorithm applied to SeaWiFS data processed by SeaDAS in coastal waters_International Journal of Remote Sensing_23:8_1639-1661_DOI: 10.1080/01431160110071879; Gohin_F._S. Loyer_M. Lunven_C. Labry_J.-M. Froidefond_D. Delmas_M. Huret and A. Herbland (2005). "Satellite-derived parameters for biological modelling in coastal waters: Illustration over the eastern continental shelf of the Bay of Biscay." Remote Sensing of Environment 95(1): 29-46_DOI: 10.1015/j.rse.2004.11.007; Hu_C._Lee_Z._& Franz_B. (2012). Chlorophyll a algorithms for oligotrophic oceans: A novel approach based on three-band reflectance difference . Journal of Geophysical Research_117(C1). doi: 10.1029/2011jc007395; O'Reilly_J.E._Maritorena_S._Mitchell_B. G._Siegel_D. A._Carder_K. L._Garver_S. A._Kahru_M._& McClain_C. R. (1998). Ocean color chlorophyll algorithms for SeaWiFS_Journal of Geophysical Research 103_24937-24953_doi: 10.1029/98JC02160; O'Reilly_J.E._& 24 co-authors (2000). SeaWiFS Postlaunch Calibration and Validation Analyses_Part 3. NASA Tech. Memo. 2000-206892_Vol. 11_S.B. Hooker and E.R. Firestone_Eds._NASA Goddard Space Flight Center_49 pp.,mg m^-3,Ocean Color Climate Change Initiative,SeaWiFS-OrbView2, MERIS-ENVISAT, MODIS-Aqua, VIIRS-SNPP,dataset,OC-CCI,Ocean Colour Climate Change Initiative,Source of the level 3 merged data,http://www.esa-oceancolour-cci.org/,NA,L3,V6.0,20221101-20221105,MM,1640995200.000000
OCCCI,CHLOR_A,CCI,2015,GB,95372.940,0,0.8496758,,Monthly range CHLOR_A data (Blended OCI, OC3/4 and OC5 Algorithm) from the OC-CCI dataset,,,,,,,Monthly range,,,,,,seconds since 1970-01-01T00:00:00Z,1970-01-01T00:00:00Z,12 months,Ocean Color,,,CHLOR_A,chlorophyll a,CCI,Blended OCI, OC3/4 and OC5 Algorithm,Gohin_F._Druon_J.N._and Lampert_L. (2002) A five channel chlorophyll concentration algorithm applied to SeaWiFS data processed by SeaDAS in coastal waters_International Journal of Remote Sensing_23:8_1639-1661_DOI: 10.1080/01431160110071879; Gohin_F._S. Loyer_M. Lunven_C. Labry_J.-M. Froidefond_D. Delmas_M. Huret and A. Herbland (2005). "Satellite-derived parameters for biological modelling in coastal waters: Illustration over the eastern continental shelf of the Bay of Biscay." Remote Sensing of Environment 95(1): 29-46_DOI: 10.1015/j.rse.2004.11.007; Hu_C._Lee_Z._& Franz_B. (2012). Chlorophyll a algorithms for oligotrophic oceans: A novel approach based on three-band reflectance difference . Journal of Geophysical Research_117(C1). doi: 10.1029/2011jc007395; O'Reilly_J.E._Maritorena_S._Mitchell_B. G._Siegel_D. A._Carder_K. L._Garver_S. A._Kahru_M._& McClain_C. R. (1998). Ocean color chlorophyll algorithms for SeaWiFS_Journal of Geophysical Research 103_24937-24953_doi: 10.1029/98JC02160; O'Reilly_J.E._& 24 co-authors (2000). SeaWiFS Postlaunch Calibration and Validation Analyses_Part 3. NASA Tech. Memo. 2000-206892_Vol. 11_S.B. Hooker and E.R. Firestone_Eds._NASA Goddard Space Flight Center_49 pp.,mg m^-3,Ocean Color Climate Change Initiative,SeaWiFS-OrbView2, MERIS-ENVISAT, MODIS-Aqua, VIIRS-SNPP,dataset,OC-CCI,Ocean Colour Climate Change Initiative,Source of the level 3 merged data,http://www.esa-oceancolour-cci.org/,NA,L3,V6.0,20221101-20221105,MM,1640995200.000000
OCCCI,CHLOR_A,CCI,2016,GB,95372.940,0,0.8524163,,Monthly range CHLOR_A data (Blended OCI, OC3/4 and OC5 Algorithm) from the OC-CCI dataset,,,,,,,Monthly range,,,,,,seconds since 1970-01-01T00:00:00Z,1970-01-01T00:00:00Z,12 months,Ocean Color,,,CHLOR_A,chlorophyll a,CCI,Blended OCI, OC3/4 and OC5 Algorithm,Gohin_F._Druon_J.N._and Lampert_L. (2002) A five channel chlorophyll concentration algorithm applied to SeaWiFS data processed by SeaDAS in coastal waters_International Journal of Remote Sensing_23:8_1639-1661_DOI: 10.1080/01431160110071879; Gohin_F._S. Loyer_M. Lunven_C. Labry_J.-M. Froidefond_D. Delmas_M. Huret and A. Herbland (2005). "Satellite-derived parameters for biological modelling in coastal waters: Illustration over the eastern continental shelf of the Bay of Biscay." Remote Sensing of Environment 95(1): 29-46_DOI: 10.1015/j.rse.2004.11.007; Hu_C._Lee_Z._& Franz_B. (2012). Chlorophyll a algorithms for oligotrophic oceans: A novel approach based on three-band reflectance difference . Journal of Geophysical Research_117(C1). doi: 10.1029/2011jc007395; O'Reilly_J.E._Maritorena_S._Mitchell_B. G._Siegel_D. A._Carder_K. L._Garver_S. A._Kahru_M._& McClain_C. R. (1998). Ocean color chlorophyll algorithms for SeaWiFS_Journal of Geophysical Research 103_24937-24953_doi: 10.1029/98JC02160; O'Reilly_J.E._& 24 co-authors (2000). SeaWiFS Postlaunch Calibration and Validation Analyses_Part 3. NASA Tech. Memo. 2000-206892_Vol. 11_S.B. Hooker and E.R. Firestone_Eds._NASA Goddard Space Flight Center_49 pp.,mg m^-3,Ocean Color Climate Change Initiative,SeaWiFS-OrbView2, MERIS-ENVISAT, MODIS-Aqua, VIIRS-SNPP,dataset,OC-CCI,Ocean Colour Climate Change Initiative,Source of the level 3 merged data,http://www.esa-oceancolour-cci.org/,NA,L3,V6.0,20221101-20221105,MM,1640995200.000000
OCCCI,CHLOR_A,CCI,2017,GB,95372.940,0,0.8936085,,Monthly range CHLOR_A data (Blended OCI, OC3/4 and OC5 Algorithm) from the OC-CCI dataset,,,,,,,Monthly range,,,,,,seconds since 1970-01-01T00:00:00Z,1970-01-01T00:00:00Z,12 months,Ocean Color,,,CHLOR_A,chlorophyll a,CCI,Blended OCI, OC3/4 and OC5 Algorithm,Gohin_F._Druon_J.N._and Lampert_L. (2002) A five channel chlorophyll concentration algorithm applied to SeaWiFS data processed by SeaDAS in coastal waters_International Journal of Remote Sensing_23:8_1639-1661_DOI: 10.1080/01431160110071879; Gohin_F._S. Loyer_M. Lunven_C. Labry_J.-M. Froidefond_D. Delmas_M. Huret and A. Herbland (2005). "Satellite-derived parameters for biological modelling in coastal waters: Illustration over the eastern continental shelf of the Bay of Biscay." Remote Sensing of Environment 95(1): 29-46_DOI: 10.1015/j.rse.2004.11.007; Hu_C._Lee_Z._& Franz_B. (2012). Chlorophyll a algorithms for oligotrophic oceans: A novel approach based on three-band reflectance difference . Journal of Geophysical Research_117(C1). doi: 10.1029/2011jc007395; O'Reilly_J.E._Maritorena_S._Mitchell_B. G._Siegel_D. A._Carder_K. L._Garver_S. A._Kahru_M._& McClain_C. R. (1998). Ocean color chlorophyll algorithms for SeaWiFS_Journal of Geophysical Research 103_24937-24953_doi: 10.1029/98JC02160; O'Reilly_J.E._& 24 co-authors (2000). SeaWiFS Postlaunch Calibration and Validation Analyses_Part 3. NASA Tech. Memo. 2000-206892_Vol. 11_S.B. Hooker and E.R. Firestone_Eds._NASA Goddard Space Flight Center_49 pp.,mg m^-3,Ocean Color Climate Change Initiative,SeaWiFS-OrbView2, MERIS-ENVISAT, MODIS-Aqua, VIIRS-SNPP,dataset,OC-CCI,Ocean Colour Climate Change Initiative,Source of the level 3 merged data,http://www.esa-oceancolour-cci.org/,NA,L3,V6.0,20221101-20221105,MM,1640995200.000000
OCCCI,CHLOR_A,CCI,2018,GB,95372.940,0,0.8385012,,Monthly range CHLOR_A data (Blended OCI, OC3/4 and OC5 Algorithm) from the OC-CCI dataset,,,,,,,Monthly range,,,,,,seconds since 1970-01-01T00:00:00Z,1970-01-01T00:00:00Z,12 months,Ocean Color,,,CHLOR_A,chlorophyll a,CCI,Blended OCI, OC3/4 and OC5 Algorithm,Gohin_F._Druon_J.N._and Lampert_L. (2002) A five channel chlorophyll concentration algorithm applied to SeaWiFS data processed by SeaDAS in coastal waters_International Journal of Remote Sensing_23:8_1639-1661_DOI: 10.1080/01431160110071879; Gohin_F._S. Loyer_M. Lunven_C. Labry_J.-M. Froidefond_D. Delmas_M. Huret and A. Herbland (2005). "Satellite-derived parameters for biological modelling in coastal waters: Illustration over the eastern continental shelf of the Bay of Biscay." Remote Sensing of Environment 95(1): 29-46_DOI: 10.1015/j.rse.2004.11.007; Hu_C._Lee_Z._& Franz_B. (2012). Chlorophyll a algorithms for oligotrophic oceans: A novel approach based on three-band reflectance difference . Journal of Geophysical Research_117(C1). doi: 10.1029/2011jc007395; O'Reilly_J.E._Maritorena_S._Mitchell_B. G._Siegel_D. A._Carder_K. L._Garver_S. A._Kahru_M._& McClain_C. R. (1998). Ocean color chlorophyll algorithms for SeaWiFS_Journal of Geophysical Research 103_24937-24953_doi: 10.1029/98JC02160; O'Reilly_J.E._& 24 co-authors (2000). SeaWiFS Postlaunch Calibration and Validation Analyses_Part 3. NASA Tech. Memo. 2000-206892_Vol. 11_S.B. Hooker and E.R. Firestone_Eds._NASA Goddard Space Flight Center_49 pp.,mg m^-3,Ocean Color Climate Change Initiative,SeaWiFS-OrbView2, MERIS-ENVISAT, MODIS-Aqua, VIIRS-SNPP,dataset,OC-CCI,Ocean Colour Climate Change Initiative,Source of the level 3 merged data,http://www.esa-oceancolour-cci.org/,NA,L3,V6.0,20221101-20221105,MM,1640995200.000000
OCCCI,CHLOR_A,CCI,2019,GB,95372.940,0,0.8745571,,Monthly range CHLOR_A data (Blended OCI, OC3/4 and OC5 Algorithm) from the OC-CCI dataset,,,,,,,Monthly range,,,,,,seconds since 1970-01-01T00:00:00Z,1970-01-01T00:00:00Z,12 months,Ocean Color,,,CHLOR_A,chlorophyll a,CCI,Blended OCI, OC3/4 and OC5 Algorithm,Gohin_F._Druon_J.N._and Lampert_L. (2002) A five channel chlorophyll concentration algorithm applied to SeaWiFS data processed by SeaDAS in coastal waters_International Journal of Remote Sensing_23:8_1639-1661_DOI: 10.1080/01431160110071879; Gohin_F._S. Loyer_M. Lunven_C. Labry_J.-M. Froidefond_D. Delmas_M. Huret and A. Herbland (2005). "Satellite-derived parameters for biological modelling in coastal waters: Illustration over the eastern continental shelf of the Bay of Biscay." Remote Sensing of Environment 95(1): 29-46_DOI: 10.1015/j.rse.2004.11.007; Hu_C._Lee_Z._& Franz_B. (2012). Chlorophyll a algorithms for oligotrophic oceans: A novel approach based on three-band reflectance difference . Journal of Geophysical Research_117(C1). doi: 10.1029/2011jc007395; O'Reilly_J.E._Maritorena_S._Mitchell_B. G._Siegel_D. A._Carder_K. L._Garver_S. A._Kahru_M._& McClain_C. R. (1998). Ocean color chlorophyll algorithms for SeaWiFS_Journal of Geophysical Research 103_24937-24953_doi: 10.1029/98JC02160; O'Reilly_J.E._& 24 co-authors (2000). SeaWiFS Postlaunch Calibration and Validation Analyses_Part 3. NASA Tech. Memo. 2000-206892_Vol. 11_S.B. Hooker and E.R. Firestone_Eds._NASA Goddard Space Flight Center_49 pp.,mg m^-3,Ocean Color Climate Change Initiative,SeaWiFS-OrbView2, MERIS-ENVISAT, MODIS-Aqua, VIIRS-SNPP,dataset,OC-CCI,Ocean Colour Climate Change Initiative,Source of the level 3 merged data,http://www.esa-oceancolour-cci.org/,NA,L3,V6.0,20221101-20221105,MM,1640995200.000000
OCCCI,CHLOR_A,CCI,2020,GB,95372.940,0,0.8122411,,Monthly range CHLOR_A data (Blended OCI, OC3/4 and OC5 Algorithm) from the OC-CCI dataset,,,,,,,Monthly range,,,,,,seconds since 1970-01-01T00:00:00Z,1970-01-01T00:00:00Z,12 months,Ocean Color,,,CHLOR_A,chlorophyll a,CCI,Blended OCI, OC3/4 and OC5 Algorithm,Gohin_F._Druon_J.N._and Lampert_L. (2002) A five channel chlorophyll concentration algorithm applied to SeaWiFS data processed by SeaDAS in coastal waters_International Journal of Remote Sensing_23:8_1639-1661_DOI: 10.1080/01431160110071879; Gohin_F._S. Loyer_M. Lunven_C. Labry_J.-M. Froidefond_D. Delmas_M. Huret and A. Herbland (2005). "Satellite-derived parameters for biological modelling in coastal waters: Illustration over the eastern continental shelf of the Bay of Biscay." Remote Sensing of Environment 95(1): 29-46_DOI: 10.1015/j.rse.2004.11.007; Hu_C._Lee_Z._& Franz_B. (2012). Chlorophyll a algorithms for oligotrophic oceans: A novel approach based on three-band reflectance difference . Journal of Geophysical Research_117(C1). doi: 10.1029/2011jc007395; O'Reilly_J.E._Maritorena_S._Mitchell_B. G._Siegel_D. A._Carder_K. L._Garver_S. A._Kahru_M._& McClain_C. R. (1998). Ocean color chlorophyll algorithms for SeaWiFS_Journal of Geophysical Research 103_24937-24953_doi: 10.1029/98JC02160; O'Reilly_J.E._& 24 co-authors (2000). SeaWiFS Postlaunch Calibration and Validation Analyses_Part 3. NASA Tech. Memo. 2000-206892_Vol. 11_S.B. Hooker and E.R. Firestone_Eds._NASA Goddard Space Flight Center_49 pp.,mg m^-3,Ocean Color Climate Change Initiative,SeaWiFS-OrbView2, MERIS-ENVISAT, MODIS-Aqua, VIIRS-SNPP,dataset,OC-CCI,Ocean Colour Climate Change Initiative,Source of the level 3 merged data,http://www.esa-oceancolour-cci.org/,NA,L3,V6.0,20221101-20221105,MM,1640995200.000000
OCCCI,CHLOR_A,CCI,2021,GB,95372.940,0,0.8441076,,Monthly range CHLOR_A data (Blended OCI, OC3/4 and OC5 Algorithm) from the OC-CCI dataset,,,,,,,Monthly range,,,,,,seconds since 1970-01-01T00:00:00Z,1970-01-01T00:00:00Z,12 months,Ocean Color,,,CHLOR_A,chlorophyll a,CCI,Blended OCI, OC3/4 and OC5 Algorithm,Gohin_F._Druon_J.N._and Lampert_L. (2002) A five channel chlorophyll concentration algorithm applied to SeaWiFS data processed by SeaDAS in coastal waters_International Journal of Remote Sensing_23:8_1639-1661_DOI: 10.1080/01431160110071879; Gohin_F._S. Loyer_M. Lunven_C. Labry_J.-M. Froidefond_D. Delmas_M. Huret and A. Herbland (2005). "Satellite-derived parameters for biological modelling in coastal waters: Illustration over the eastern continental shelf of the Bay of Biscay." Remote Sensing of Environment 95(1): 29-46_DOI: 10.1015/j.rse.2004.11.007; Hu_C._Lee_Z._& Franz_B. (2012). Chlorophyll a algorithms for oligotrophic oceans: A novel approach based on three-band reflectance difference . Journal of Geophysical Research_117(C1). doi: 10.1029/2011jc007395; O'Reilly_J.E._Maritorena_S._Mitchell_B. G._Siegel_D. A._Carder_K. L._Garver_S. A._Kahru_M._& McClain_C. R. (1998). Ocean color chlorophyll algorithms for SeaWiFS_Journal of Geophysical Research 103_24937-24953_doi: 10.1029/98JC02160; O'Reilly_J.E._& 24 co-authors (2000). SeaWiFS Postlaunch Calibration and Validation Analyses_Part 3. NASA Tech. Memo. 2000-206892_Vol. 11_S.B. Hooker and E.R. Firestone_Eds._NASA Goddard Space Flight Center_49 pp.,mg m^-3,Ocean Color Climate Change Initiative,SeaWiFS-OrbView2, MERIS-ENVISAT, MODIS-Aqua, VIIRS-SNPP,dataset,OC-CCI,Ocean Colour Climate Change Initiative,Source of the level 3 merged data,http://www.esa-oceancolour-cci.org/,NA,L3,V6.0,20221101-20221105,MM,1640995200.000000
OCCCI,CHLOR_A,CCI,2022,GB,95372.940,0,0.8815181,,Monthly range CHLOR_A data (Blended OCI, OC3/4 and OC5 Algorithm) from the OC-CCI dataset,,,,,,,Monthly range,,,,,,seconds since 1970-01-01T00:00:00Z,1970-01-01T00:00:00Z,12 months,Ocean Color,,,CHLOR_A,chlorophyll a,CCI,Blended OCI, OC3/4 and OC5 Algorithm,Gohin_F._Druon_J.N._and Lampert_L. (2002) A five channel chlorophyll concentration algorithm applied to SeaWiFS data processed by SeaDAS in coastal waters_International Journal of Remote Sensing_23:8_1639-1661_DOI: 10.1080/01431160110071879; Gohin_F._S. Loyer_M. Lunven_C. Labry_J.-M. Froidefond_D. Delmas_M. Huret and A. Herbland (2005). "Satellite-derived parameters for biological modelling in coastal waters: Illustration over the eastern continental shelf of the Bay of Biscay." Remote Sensing of Environment 95(1): 29-46_DOI: 10.1015/j.rse.2004.11.007; Hu_C._Lee_Z._& Franz_B. (2012). Chlorophyll a algorithms for oligotrophic oceans: A novel approach based on three-band reflectance difference . Journal of Geophysical Research_117(C1). doi: 10.1029/2011jc007395; O'Reilly_J.E._Maritorena_S._Mitchell_B. G._Siegel_D. A._Carder_K. L._Garver_S. A._Kahru_M._& McClain_C. R. (1998). Ocean color chlorophyll algorithms for SeaWiFS_Journal of Geophysical Research 103_24937-24953_doi: 10.1029/98JC02160; O'Reilly_J.E._& 24 co-authors (2000). SeaWiFS Postlaunch Calibration and Validation Analyses_Part 3. NASA Tech. Memo. 2000-206892_Vol. 11_S.B. Hooker and E.R. Firestone_Eds._NASA Goddard Space Flight Center_49 pp.,mg m^-3,Ocean Color Climate Change Initiative,SeaWiFS-OrbView2, MERIS-ENVISAT, MODIS-Aqua, VIIRS-SNPP,dataset,OC-CCI,Ocean Colour Climate Change Initiative,Source of the level 3 merged data,http://www.esa-oceancolour-cci.org/,NA,L3,V6.0,20221101-20221105,MM,1640995200.000000
