SENSOR,PROD,ALG,YEAR,SUBAREA_NAME,TOTAL_PIXEL_AREA_KM2,N_MONTHS,ANNUAL_MEAN,PROD_NAME,ALG_NAME,ALG_REFERENCE,SENSOR_NAME,SOURCE_DATA_VERSION,SOURCE_DATA_URL,SOURCE_DATA_DOI,TITLE,CONTRIBUTOR_NAME
,,,1998,MAB,141370.06,0,-NaN,chlorophyll a,Blended OCI, OC3/4 and OC5 Algorithm,Gohin_F._Druon_J.N._and Lampert_L. (2002) A five channel chlorophyll concentration algorithm applied to SeaWiFS data processed by SeaDAS in coastal waters_International Journal of Remote Sensing_23:8_1639-1661_DOI: 10.1080/01431160110071879; Gohin_F._S. Loyer_M. Lunven_C. Labry_J.-M. Froidefond_D. Delmas_M. Huret and A. Herbland (2005). "Satellite-derived parameters for biological modelling in coastal waters: Illustration over the eastern continental shelf of the Bay of Biscay." Remote Sensing of Environment 95(1): 29-46_DOI: 10.1015/j.rse.2004.11.007; Hu_C._Lee_Z._& Franz_B. (2012). Chlorophyll a algorithms for oligotrophic oceans: A novel approach based on three-band reflectance difference . Journal of Geophysical Research_117(C1). doi: 10.1029/2011jc007395; O'Reilly_J.E._Maritorena_S._Mitchell_B. G._Siegel_D. A._Carder_K. L._Garver_S. A._Kahru_M._& McClain_C. R. (1998). Ocean color chlorophyll algorithms for SeaWiFS_Journal of Geophysical Research 103_24937-24953_doi: 10.1029/98JC02160; O'Reilly_J.E._& 24 co-authors (2000). SeaWiFS Postlaunch Calibration and Validation Analyses_Part 3. NASA Tech. Memo. 2000-206892_Vol. 11_S.B. Hooker and E.R. Firestone_Eds._NASA Goddard Space Flight Center_49 pp.,Ocean Color Climate Change Initiative,V6.0,http://www.esa-oceancolour-cci.org/,NA,Monthly range CHLOR_A data (Blended OCI, OC3/4 and OC5 Algorithm) from the OC-CCI dataset,Ocean Colour Climate Change Initiative
,,,1999,MAB,141370.06,0,-NaN,chlorophyll a,Blended OCI, OC3/4 and OC5 Algorithm,Gohin_F._Druon_J.N._and Lampert_L. (2002) A five channel chlorophyll concentration algorithm applied to SeaWiFS data processed by SeaDAS in coastal waters_International Journal of Remote Sensing_23:8_1639-1661_DOI: 10.1080/01431160110071879; Gohin_F._S. Loyer_M. Lunven_C. Labry_J.-M. Froidefond_D. Delmas_M. Huret and A. Herbland (2005). "Satellite-derived parameters for biological modelling in coastal waters: Illustration over the eastern continental shelf of the Bay of Biscay." Remote Sensing of Environment 95(1): 29-46_DOI: 10.1015/j.rse.2004.11.007; Hu_C._Lee_Z._& Franz_B. (2012). Chlorophyll a algorithms for oligotrophic oceans: A novel approach based on three-band reflectance difference . Journal of Geophysical Research_117(C1). doi: 10.1029/2011jc007395; O'Reilly_J.E._Maritorena_S._Mitchell_B. G._Siegel_D. A._Carder_K. L._Garver_S. A._Kahru_M._& McClain_C. R. (1998). Ocean color chlorophyll algorithms for SeaWiFS_Journal of Geophysical Research 103_24937-24953_doi: 10.1029/98JC02160; O'Reilly_J.E._& 24 co-authors (2000). SeaWiFS Postlaunch Calibration and Validation Analyses_Part 3. NASA Tech. Memo. 2000-206892_Vol. 11_S.B. Hooker and E.R. Firestone_Eds._NASA Goddard Space Flight Center_49 pp.,Ocean Color Climate Change Initiative,V6.0,http://www.esa-oceancolour-cci.org/,NA,Monthly range CHLOR_A data (Blended OCI, OC3/4 and OC5 Algorithm) from the OC-CCI dataset,Ocean Colour Climate Change Initiative
,,,2000,MAB,141370.06,0,-NaN,chlorophyll a,Blended OCI, OC3/4 and OC5 Algorithm,Gohin_F._Druon_J.N._and Lampert_L. (2002) A five channel chlorophyll concentration algorithm applied to SeaWiFS data processed by SeaDAS in coastal waters_International Journal of Remote Sensing_23:8_1639-1661_DOI: 10.1080/01431160110071879; Gohin_F._S. Loyer_M. Lunven_C. Labry_J.-M. Froidefond_D. Delmas_M. Huret and A. Herbland (2005). "Satellite-derived parameters for biological modelling in coastal waters: Illustration over the eastern continental shelf of the Bay of Biscay." Remote Sensing of Environment 95(1): 29-46_DOI: 10.1015/j.rse.2004.11.007; Hu_C._Lee_Z._& Franz_B. (2012). Chlorophyll a algorithms for oligotrophic oceans: A novel approach based on three-band reflectance difference . Journal of Geophysical Research_117(C1). doi: 10.1029/2011jc007395; O'Reilly_J.E._Maritorena_S._Mitchell_B. G._Siegel_D. A._Carder_K. L._Garver_S. A._Kahru_M._& McClain_C. R. (1998). Ocean color chlorophyll algorithms for SeaWiFS_Journal of Geophysical Research 103_24937-24953_doi: 10.1029/98JC02160; O'Reilly_J.E._& 24 co-authors (2000). SeaWiFS Postlaunch Calibration and Validation Analyses_Part 3. NASA Tech. Memo. 2000-206892_Vol. 11_S.B. Hooker and E.R. Firestone_Eds._NASA Goddard Space Flight Center_49 pp.,Ocean Color Climate Change Initiative,V6.0,http://www.esa-oceancolour-cci.org/,NA,Monthly range CHLOR_A data (Blended OCI, OC3/4 and OC5 Algorithm) from the OC-CCI dataset,Ocean Colour Climate Change Initiative
,,,2001,MAB,141370.06,0,-NaN,chlorophyll a,Blended OCI, OC3/4 and OC5 Algorithm,Gohin_F._Druon_J.N._and Lampert_L. (2002) A five channel chlorophyll concentration algorithm applied to SeaWiFS data processed by SeaDAS in coastal waters_International Journal of Remote Sensing_23:8_1639-1661_DOI: 10.1080/01431160110071879; Gohin_F._S. Loyer_M. Lunven_C. Labry_J.-M. Froidefond_D. Delmas_M. Huret and A. Herbland (2005). "Satellite-derived parameters for biological modelling in coastal waters: Illustration over the eastern continental shelf of the Bay of Biscay." Remote Sensing of Environment 95(1): 29-46_DOI: 10.1015/j.rse.2004.11.007; Hu_C._Lee_Z._& Franz_B. (2012). Chlorophyll a algorithms for oligotrophic oceans: A novel approach based on three-band reflectance difference . Journal of Geophysical Research_117(C1). doi: 10.1029/2011jc007395; O'Reilly_J.E._Maritorena_S._Mitchell_B. G._Siegel_D. A._Carder_K. L._Garver_S. A._Kahru_M._& McClain_C. R. (1998). Ocean color chlorophyll algorithms for SeaWiFS_Journal of Geophysical Research 103_24937-24953_doi: 10.1029/98JC02160; O'Reilly_J.E._& 24 co-authors (2000). SeaWiFS Postlaunch Calibration and Validation Analyses_Part 3. NASA Tech. Memo. 2000-206892_Vol. 11_S.B. Hooker and E.R. Firestone_Eds._NASA Goddard Space Flight Center_49 pp.,Ocean Color Climate Change Initiative,V6.0,http://www.esa-oceancolour-cci.org/,NA,Monthly range CHLOR_A data (Blended OCI, OC3/4 and OC5 Algorithm) from the OC-CCI dataset,Ocean Colour Climate Change Initiative
,,,2002,MAB,141370.06,0,-NaN,chlorophyll a,Blended OCI, OC3/4 and OC5 Algorithm,Gohin_F._Druon_J.N._and Lampert_L. (2002) A five channel chlorophyll concentration algorithm applied to SeaWiFS data processed by SeaDAS in coastal waters_International Journal of Remote Sensing_23:8_1639-1661_DOI: 10.1080/01431160110071879; Gohin_F._S. Loyer_M. Lunven_C. Labry_J.-M. Froidefond_D. Delmas_M. Huret and A. Herbland (2005). "Satellite-derived parameters for biological modelling in coastal waters: Illustration over the eastern continental shelf of the Bay of Biscay." Remote Sensing of Environment 95(1): 29-46_DOI: 10.1015/j.rse.2004.11.007; Hu_C._Lee_Z._& Franz_B. (2012). Chlorophyll a algorithms for oligotrophic oceans: A novel approach based on three-band reflectance difference . Journal of Geophysical Research_117(C1). doi: 10.1029/2011jc007395; O'Reilly_J.E._Maritorena_S._Mitchell_B. G._Siegel_D. A._Carder_K. L._Garver_S. A._Kahru_M._& McClain_C. R. (1998). Ocean color chlorophyll algorithms for SeaWiFS_Journal of Geophysical Research 103_24937-24953_doi: 10.1029/98JC02160; O'Reilly_J.E._& 24 co-authors (2000). SeaWiFS Postlaunch Calibration and Validation Analyses_Part 3. NASA Tech. Memo. 2000-206892_Vol. 11_S.B. Hooker and E.R. Firestone_Eds._NASA Goddard Space Flight Center_49 pp.,Ocean Color Climate Change Initiative,V6.0,http://www.esa-oceancolour-cci.org/,NA,Monthly range CHLOR_A data (Blended OCI, OC3/4 and OC5 Algorithm) from the OC-CCI dataset,Ocean Colour Climate Change Initiative
,,,2003,MAB,141370.06,0,-NaN,chlorophyll a,Blended OCI, OC3/4 and OC5 Algorithm,Gohin_F._Druon_J.N._and Lampert_L. (2002) A five channel chlorophyll concentration algorithm applied to SeaWiFS data processed by SeaDAS in coastal waters_International Journal of Remote Sensing_23:8_1639-1661_DOI: 10.1080/01431160110071879; Gohin_F._S. Loyer_M. Lunven_C. Labry_J.-M. Froidefond_D. Delmas_M. Huret and A. Herbland (2005). "Satellite-derived parameters for biological modelling in coastal waters: Illustration over the eastern continental shelf of the Bay of Biscay." Remote Sensing of Environment 95(1): 29-46_DOI: 10.1015/j.rse.2004.11.007; Hu_C._Lee_Z._& Franz_B. (2012). Chlorophyll a algorithms for oligotrophic oceans: A novel approach based on three-band reflectance difference . Journal of Geophysical Research_117(C1). doi: 10.1029/2011jc007395; O'Reilly_J.E._Maritorena_S._Mitchell_B. G._Siegel_D. A._Carder_K. L._Garver_S. A._Kahru_M._& McClain_C. R. (1998). Ocean color chlorophyll algorithms for SeaWiFS_Journal of Geophysical Research 103_24937-24953_doi: 10.1029/98JC02160; O'Reilly_J.E._& 24 co-authors (2000). SeaWiFS Postlaunch Calibration and Validation Analyses_Part 3. NASA Tech. Memo. 2000-206892_Vol. 11_S.B. Hooker and E.R. Firestone_Eds._NASA Goddard Space Flight Center_49 pp.,Ocean Color Climate Change Initiative,V6.0,http://www.esa-oceancolour-cci.org/,NA,Monthly range CHLOR_A data (Blended OCI, OC3/4 and OC5 Algorithm) from the OC-CCI dataset,Ocean Colour Climate Change Initiative
,,,2004,MAB,141370.06,0,-NaN,chlorophyll a,Blended OCI, OC3/4 and OC5 Algorithm,Gohin_F._Druon_J.N._and Lampert_L. (2002) A five channel chlorophyll concentration algorithm applied to SeaWiFS data processed by SeaDAS in coastal waters_International Journal of Remote Sensing_23:8_1639-1661_DOI: 10.1080/01431160110071879; Gohin_F._S. Loyer_M. Lunven_C. Labry_J.-M. Froidefond_D. Delmas_M. Huret and A. Herbland (2005). "Satellite-derived parameters for biological modelling in coastal waters: Illustration over the eastern continental shelf of the Bay of Biscay." Remote Sensing of Environment 95(1): 29-46_DOI: 10.1015/j.rse.2004.11.007; Hu_C._Lee_Z._& Franz_B. (2012). Chlorophyll a algorithms for oligotrophic oceans: A novel approach based on three-band reflectance difference . Journal of Geophysical Research_117(C1). doi: 10.1029/2011jc007395; O'Reilly_J.E._Maritorena_S._Mitchell_B. G._Siegel_D. A._Carder_K. L._Garver_S. A._Kahru_M._& McClain_C. R. (1998). Ocean color chlorophyll algorithms for SeaWiFS_Journal of Geophysical Research 103_24937-24953_doi: 10.1029/98JC02160; O'Reilly_J.E._& 24 co-authors (2000). SeaWiFS Postlaunch Calibration and Validation Analyses_Part 3. NASA Tech. Memo. 2000-206892_Vol. 11_S.B. Hooker and E.R. Firestone_Eds._NASA Goddard Space Flight Center_49 pp.,Ocean Color Climate Change Initiative,V6.0,http://www.esa-oceancolour-cci.org/,NA,Monthly range CHLOR_A data (Blended OCI, OC3/4 and OC5 Algorithm) from the OC-CCI dataset,Ocean Colour Climate Change Initiative
,,,2005,MAB,141370.06,0,-NaN,chlorophyll a,Blended OCI, OC3/4 and OC5 Algorithm,Gohin_F._Druon_J.N._and Lampert_L. (2002) A five channel chlorophyll concentration algorithm applied to SeaWiFS data processed by SeaDAS in coastal waters_International Journal of Remote Sensing_23:8_1639-1661_DOI: 10.1080/01431160110071879; Gohin_F._S. Loyer_M. Lunven_C. Labry_J.-M. Froidefond_D. Delmas_M. Huret and A. Herbland (2005). "Satellite-derived parameters for biological modelling in coastal waters: Illustration over the eastern continental shelf of the Bay of Biscay." Remote Sensing of Environment 95(1): 29-46_DOI: 10.1015/j.rse.2004.11.007; Hu_C._Lee_Z._& Franz_B. (2012). Chlorophyll a algorithms for oligotrophic oceans: A novel approach based on three-band reflectance difference . Journal of Geophysical Research_117(C1). doi: 10.1029/2011jc007395; O'Reilly_J.E._Maritorena_S._Mitchell_B. G._Siegel_D. A._Carder_K. L._Garver_S. A._Kahru_M._& McClain_C. R. (1998). Ocean color chlorophyll algorithms for SeaWiFS_Journal of Geophysical Research 103_24937-24953_doi: 10.1029/98JC02160; O'Reilly_J.E._& 24 co-authors (2000). SeaWiFS Postlaunch Calibration and Validation Analyses_Part 3. NASA Tech. Memo. 2000-206892_Vol. 11_S.B. Hooker and E.R. Firestone_Eds._NASA Goddard Space Flight Center_49 pp.,Ocean Color Climate Change Initiative,V6.0,http://www.esa-oceancolour-cci.org/,NA,Monthly range CHLOR_A data (Blended OCI, OC3/4 and OC5 Algorithm) from the OC-CCI dataset,Ocean Colour Climate Change Initiative
,,,2006,MAB,141370.06,0,-NaN,chlorophyll a,Blended OCI, OC3/4 and OC5 Algorithm,Gohin_F._Druon_J.N._and Lampert_L. (2002) A five channel chlorophyll concentration algorithm applied to SeaWiFS data processed by SeaDAS in coastal waters_International Journal of Remote Sensing_23:8_1639-1661_DOI: 10.1080/01431160110071879; Gohin_F._S. Loyer_M. Lunven_C. Labry_J.-M. Froidefond_D. Delmas_M. Huret and A. Herbland (2005). "Satellite-derived parameters for biological modelling in coastal waters: Illustration over the eastern continental shelf of the Bay of Biscay." Remote Sensing of Environment 95(1): 29-46_DOI: 10.1015/j.rse.2004.11.007; Hu_C._Lee_Z._& Franz_B. (2012). Chlorophyll a algorithms for oligotrophic oceans: A novel approach based on three-band reflectance difference . Journal of Geophysical Research_117(C1). doi: 10.1029/2011jc007395; O'Reilly_J.E._Maritorena_S._Mitchell_B. G._Siegel_D. A._Carder_K. L._Garver_S. A._Kahru_M._& McClain_C. R. (1998). Ocean color chlorophyll algorithms for SeaWiFS_Journal of Geophysical Research 103_24937-24953_doi: 10.1029/98JC02160; O'Reilly_J.E._& 24 co-authors (2000). SeaWiFS Postlaunch Calibration and Validation Analyses_Part 3. NASA Tech. Memo. 2000-206892_Vol. 11_S.B. Hooker and E.R. Firestone_Eds._NASA Goddard Space Flight Center_49 pp.,Ocean Color Climate Change Initiative,V6.0,http://www.esa-oceancolour-cci.org/,NA,Monthly range CHLOR_A data (Blended OCI, OC3/4 and OC5 Algorithm) from the OC-CCI dataset,Ocean Colour Climate Change Initiative
,,,2007,MAB,141370.06,0,-NaN,chlorophyll a,Blended OCI, OC3/4 and OC5 Algorithm,Gohin_F._Druon_J.N._and Lampert_L. (2002) A five channel chlorophyll concentration algorithm applied to SeaWiFS data processed by SeaDAS in coastal waters_International Journal of Remote Sensing_23:8_1639-1661_DOI: 10.1080/01431160110071879; Gohin_F._S. Loyer_M. Lunven_C. Labry_J.-M. Froidefond_D. Delmas_M. Huret and A. Herbland (2005). "Satellite-derived parameters for biological modelling in coastal waters: Illustration over the eastern continental shelf of the Bay of Biscay." Remote Sensing of Environment 95(1): 29-46_DOI: 10.1015/j.rse.2004.11.007; Hu_C._Lee_Z._& Franz_B. (2012). Chlorophyll a algorithms for oligotrophic oceans: A novel approach based on three-band reflectance difference . Journal of Geophysical Research_117(C1). doi: 10.1029/2011jc007395; O'Reilly_J.E._Maritorena_S._Mitchell_B. G._Siegel_D. A._Carder_K. L._Garver_S. A._Kahru_M._& McClain_C. R. (1998). Ocean color chlorophyll algorithms for SeaWiFS_Journal of Geophysical Research 103_24937-24953_doi: 10.1029/98JC02160; O'Reilly_J.E._& 24 co-authors (2000). SeaWiFS Postlaunch Calibration and Validation Analyses_Part 3. NASA Tech. Memo. 2000-206892_Vol. 11_S.B. Hooker and E.R. Firestone_Eds._NASA Goddard Space Flight Center_49 pp.,Ocean Color Climate Change Initiative,V6.0,http://www.esa-oceancolour-cci.org/,NA,Monthly range CHLOR_A data (Blended OCI, OC3/4 and OC5 Algorithm) from the OC-CCI dataset,Ocean Colour Climate Change Initiative
,,,2008,MAB,141370.06,0,-NaN,chlorophyll a,Blended OCI, OC3/4 and OC5 Algorithm,Gohin_F._Druon_J.N._and Lampert_L. (2002) A five channel chlorophyll concentration algorithm applied to SeaWiFS data processed by SeaDAS in coastal waters_International Journal of Remote Sensing_23:8_1639-1661_DOI: 10.1080/01431160110071879; Gohin_F._S. Loyer_M. Lunven_C. Labry_J.-M. Froidefond_D. Delmas_M. Huret and A. Herbland (2005). "Satellite-derived parameters for biological modelling in coastal waters: Illustration over the eastern continental shelf of the Bay of Biscay." Remote Sensing of Environment 95(1): 29-46_DOI: 10.1015/j.rse.2004.11.007; Hu_C._Lee_Z._& Franz_B. (2012). Chlorophyll a algorithms for oligotrophic oceans: A novel approach based on three-band reflectance difference . Journal of Geophysical Research_117(C1). doi: 10.1029/2011jc007395; O'Reilly_J.E._Maritorena_S._Mitchell_B. G._Siegel_D. A._Carder_K. L._Garver_S. A._Kahru_M._& McClain_C. R. (1998). Ocean color chlorophyll algorithms for SeaWiFS_Journal of Geophysical Research 103_24937-24953_doi: 10.1029/98JC02160; O'Reilly_J.E._& 24 co-authors (2000). SeaWiFS Postlaunch Calibration and Validation Analyses_Part 3. NASA Tech. Memo. 2000-206892_Vol. 11_S.B. Hooker and E.R. Firestone_Eds._NASA Goddard Space Flight Center_49 pp.,Ocean Color Climate Change Initiative,V6.0,http://www.esa-oceancolour-cci.org/,NA,Monthly range CHLOR_A data (Blended OCI, OC3/4 and OC5 Algorithm) from the OC-CCI dataset,Ocean Colour Climate Change Initiative
,,,2009,MAB,141370.06,0,-NaN,chlorophyll a,Blended OCI, OC3/4 and OC5 Algorithm,Gohin_F._Druon_J.N._and Lampert_L. (2002) A five channel chlorophyll concentration algorithm applied to SeaWiFS data processed by SeaDAS in coastal waters_International Journal of Remote Sensing_23:8_1639-1661_DOI: 10.1080/01431160110071879; Gohin_F._S. Loyer_M. Lunven_C. Labry_J.-M. Froidefond_D. Delmas_M. Huret and A. Herbland (2005). "Satellite-derived parameters for biological modelling in coastal waters: Illustration over the eastern continental shelf of the Bay of Biscay." Remote Sensing of Environment 95(1): 29-46_DOI: 10.1015/j.rse.2004.11.007; Hu_C._Lee_Z._& Franz_B. (2012). Chlorophyll a algorithms for oligotrophic oceans: A novel approach based on three-band reflectance difference . Journal of Geophysical Research_117(C1). doi: 10.1029/2011jc007395; O'Reilly_J.E._Maritorena_S._Mitchell_B. G._Siegel_D. A._Carder_K. L._Garver_S. A._Kahru_M._& McClain_C. R. (1998). Ocean color chlorophyll algorithms for SeaWiFS_Journal of Geophysical Research 103_24937-24953_doi: 10.1029/98JC02160; O'Reilly_J.E._& 24 co-authors (2000). SeaWiFS Postlaunch Calibration and Validation Analyses_Part 3. NASA Tech. Memo. 2000-206892_Vol. 11_S.B. Hooker and E.R. Firestone_Eds._NASA Goddard Space Flight Center_49 pp.,Ocean Color Climate Change Initiative,V6.0,http://www.esa-oceancolour-cci.org/,NA,Monthly range CHLOR_A data (Blended OCI, OC3/4 and OC5 Algorithm) from the OC-CCI dataset,Ocean Colour Climate Change Initiative
,,,2010,MAB,141370.06,0,-NaN,chlorophyll a,Blended OCI, OC3/4 and OC5 Algorithm,Gohin_F._Druon_J.N._and Lampert_L. (2002) A five channel chlorophyll concentration algorithm applied to SeaWiFS data processed by SeaDAS in coastal waters_International Journal of Remote Sensing_23:8_1639-1661_DOI: 10.1080/01431160110071879; Gohin_F._S. Loyer_M. Lunven_C. Labry_J.-M. Froidefond_D. Delmas_M. Huret and A. Herbland (2005). "Satellite-derived parameters for biological modelling in coastal waters: Illustration over the eastern continental shelf of the Bay of Biscay." Remote Sensing of Environment 95(1): 29-46_DOI: 10.1015/j.rse.2004.11.007; Hu_C._Lee_Z._& Franz_B. (2012). Chlorophyll a algorithms for oligotrophic oceans: A novel approach based on three-band reflectance difference . Journal of Geophysical Research_117(C1). doi: 10.1029/2011jc007395; O'Reilly_J.E._Maritorena_S._Mitchell_B. G._Siegel_D. A._Carder_K. L._Garver_S. A._Kahru_M._& McClain_C. R. (1998). Ocean color chlorophyll algorithms for SeaWiFS_Journal of Geophysical Research 103_24937-24953_doi: 10.1029/98JC02160; O'Reilly_J.E._& 24 co-authors (2000). SeaWiFS Postlaunch Calibration and Validation Analyses_Part 3. NASA Tech. Memo. 2000-206892_Vol. 11_S.B. Hooker and E.R. Firestone_Eds._NASA Goddard Space Flight Center_49 pp.,Ocean Color Climate Change Initiative,V6.0,http://www.esa-oceancolour-cci.org/,NA,Monthly range CHLOR_A data (Blended OCI, OC3/4 and OC5 Algorithm) from the OC-CCI dataset,Ocean Colour Climate Change Initiative
,,,2011,MAB,141370.06,0,-NaN,chlorophyll a,Blended OCI, OC3/4 and OC5 Algorithm,Gohin_F._Druon_J.N._and Lampert_L. (2002) A five channel chlorophyll concentration algorithm applied to SeaWiFS data processed by SeaDAS in coastal waters_International Journal of Remote Sensing_23:8_1639-1661_DOI: 10.1080/01431160110071879; Gohin_F._S. Loyer_M. Lunven_C. Labry_J.-M. Froidefond_D. Delmas_M. Huret and A. Herbland (2005). "Satellite-derived parameters for biological modelling in coastal waters: Illustration over the eastern continental shelf of the Bay of Biscay." Remote Sensing of Environment 95(1): 29-46_DOI: 10.1015/j.rse.2004.11.007; Hu_C._Lee_Z._& Franz_B. (2012). Chlorophyll a algorithms for oligotrophic oceans: A novel approach based on three-band reflectance difference . Journal of Geophysical Research_117(C1). doi: 10.1029/2011jc007395; O'Reilly_J.E._Maritorena_S._Mitchell_B. G._Siegel_D. A._Carder_K. L._Garver_S. A._Kahru_M._& McClain_C. R. (1998). Ocean color chlorophyll algorithms for SeaWiFS_Journal of Geophysical Research 103_24937-24953_doi: 10.1029/98JC02160; O'Reilly_J.E._& 24 co-authors (2000). SeaWiFS Postlaunch Calibration and Validation Analyses_Part 3. NASA Tech. Memo. 2000-206892_Vol. 11_S.B. Hooker and E.R. Firestone_Eds._NASA Goddard Space Flight Center_49 pp.,Ocean Color Climate Change Initiative,V6.0,http://www.esa-oceancolour-cci.org/,NA,Monthly range CHLOR_A data (Blended OCI, OC3/4 and OC5 Algorithm) from the OC-CCI dataset,Ocean Colour Climate Change Initiative
,,,2012,MAB,141370.06,0,-NaN,chlorophyll a,Blended OCI, OC3/4 and OC5 Algorithm,Gohin_F._Druon_J.N._and Lampert_L. (2002) A five channel chlorophyll concentration algorithm applied to SeaWiFS data processed by SeaDAS in coastal waters_International Journal of Remote Sensing_23:8_1639-1661_DOI: 10.1080/01431160110071879; Gohin_F._S. Loyer_M. Lunven_C. Labry_J.-M. Froidefond_D. Delmas_M. Huret and A. Herbland (2005). "Satellite-derived parameters for biological modelling in coastal waters: Illustration over the eastern continental shelf of the Bay of Biscay." Remote Sensing of Environment 95(1): 29-46_DOI: 10.1015/j.rse.2004.11.007; Hu_C._Lee_Z._& Franz_B. (2012). Chlorophyll a algorithms for oligotrophic oceans: A novel approach based on three-band reflectance difference . Journal of Geophysical Research_117(C1). doi: 10.1029/2011jc007395; O'Reilly_J.E._Maritorena_S._Mitchell_B. G._Siegel_D. A._Carder_K. L._Garver_S. A._Kahru_M._& McClain_C. R. (1998). Ocean color chlorophyll algorithms for SeaWiFS_Journal of Geophysical Research 103_24937-24953_doi: 10.1029/98JC02160; O'Reilly_J.E._& 24 co-authors (2000). SeaWiFS Postlaunch Calibration and Validation Analyses_Part 3. NASA Tech. Memo. 2000-206892_Vol. 11_S.B. Hooker and E.R. Firestone_Eds._NASA Goddard Space Flight Center_49 pp.,Ocean Color Climate Change Initiative,V6.0,http://www.esa-oceancolour-cci.org/,NA,Monthly range CHLOR_A data (Blended OCI, OC3/4 and OC5 Algorithm) from the OC-CCI dataset,Ocean Colour Climate Change Initiative
,,,2013,MAB,141370.06,0,-NaN,chlorophyll a,Blended OCI, OC3/4 and OC5 Algorithm,Gohin_F._Druon_J.N._and Lampert_L. (2002) A five channel chlorophyll concentration algorithm applied to SeaWiFS data processed by SeaDAS in coastal waters_International Journal of Remote Sensing_23:8_1639-1661_DOI: 10.1080/01431160110071879; Gohin_F._S. Loyer_M. Lunven_C. Labry_J.-M. Froidefond_D. Delmas_M. Huret and A. Herbland (2005). "Satellite-derived parameters for biological modelling in coastal waters: Illustration over the eastern continental shelf of the Bay of Biscay." Remote Sensing of Environment 95(1): 29-46_DOI: 10.1015/j.rse.2004.11.007; Hu_C._Lee_Z._& Franz_B. (2012). Chlorophyll a algorithms for oligotrophic oceans: A novel approach based on three-band reflectance difference . Journal of Geophysical Research_117(C1). doi: 10.1029/2011jc007395; O'Reilly_J.E._Maritorena_S._Mitchell_B. G._Siegel_D. A._Carder_K. L._Garver_S. A._Kahru_M._& McClain_C. R. (1998). Ocean color chlorophyll algorithms for SeaWiFS_Journal of Geophysical Research 103_24937-24953_doi: 10.1029/98JC02160; O'Reilly_J.E._& 24 co-authors (2000). SeaWiFS Postlaunch Calibration and Validation Analyses_Part 3. NASA Tech. Memo. 2000-206892_Vol. 11_S.B. Hooker and E.R. Firestone_Eds._NASA Goddard Space Flight Center_49 pp.,Ocean Color Climate Change Initiative,V6.0,http://www.esa-oceancolour-cci.org/,NA,Monthly range CHLOR_A data (Blended OCI, OC3/4 and OC5 Algorithm) from the OC-CCI dataset,Ocean Colour Climate Change Initiative
,,,2014,MAB,141370.06,0,-NaN,chlorophyll a,Blended OCI, OC3/4 and OC5 Algorithm,Gohin_F._Druon_J.N._and Lampert_L. (2002) A five channel chlorophyll concentration algorithm applied to SeaWiFS data processed by SeaDAS in coastal waters_International Journal of Remote Sensing_23:8_1639-1661_DOI: 10.1080/01431160110071879; Gohin_F._S. Loyer_M. Lunven_C. Labry_J.-M. Froidefond_D. Delmas_M. Huret and A. Herbland (2005). "Satellite-derived parameters for biological modelling in coastal waters: Illustration over the eastern continental shelf of the Bay of Biscay." Remote Sensing of Environment 95(1): 29-46_DOI: 10.1015/j.rse.2004.11.007; Hu_C._Lee_Z._& Franz_B. (2012). Chlorophyll a algorithms for oligotrophic oceans: A novel approach based on three-band reflectance difference . Journal of Geophysical Research_117(C1). doi: 10.1029/2011jc007395; O'Reilly_J.E._Maritorena_S._Mitchell_B. G._Siegel_D. A._Carder_K. L._Garver_S. A._Kahru_M._& McClain_C. R. (1998). Ocean color chlorophyll algorithms for SeaWiFS_Journal of Geophysical Research 103_24937-24953_doi: 10.1029/98JC02160; O'Reilly_J.E._& 24 co-authors (2000). SeaWiFS Postlaunch Calibration and Validation Analyses_Part 3. NASA Tech. Memo. 2000-206892_Vol. 11_S.B. Hooker and E.R. Firestone_Eds._NASA Goddard Space Flight Center_49 pp.,Ocean Color Climate Change Initiative,V6.0,http://www.esa-oceancolour-cci.org/,NA,Monthly range CHLOR_A data (Blended OCI, OC3/4 and OC5 Algorithm) from the OC-CCI dataset,Ocean Colour Climate Change Initiative
,,,2015,MAB,141370.06,0,-NaN,chlorophyll a,Blended OCI, OC3/4 and OC5 Algorithm,Gohin_F._Druon_J.N._and Lampert_L. (2002) A five channel chlorophyll concentration algorithm applied to SeaWiFS data processed by SeaDAS in coastal waters_International Journal of Remote Sensing_23:8_1639-1661_DOI: 10.1080/01431160110071879; Gohin_F._S. Loyer_M. Lunven_C. Labry_J.-M. Froidefond_D. Delmas_M. Huret and A. Herbland (2005). "Satellite-derived parameters for biological modelling in coastal waters: Illustration over the eastern continental shelf of the Bay of Biscay." Remote Sensing of Environment 95(1): 29-46_DOI: 10.1015/j.rse.2004.11.007; Hu_C._Lee_Z._& Franz_B. (2012). Chlorophyll a algorithms for oligotrophic oceans: A novel approach based on three-band reflectance difference . Journal of Geophysical Research_117(C1). doi: 10.1029/2011jc007395; O'Reilly_J.E._Maritorena_S._Mitchell_B. G._Siegel_D. A._Carder_K. L._Garver_S. A._Kahru_M._& McClain_C. R. (1998). Ocean color chlorophyll algorithms for SeaWiFS_Journal of Geophysical Research 103_24937-24953_doi: 10.1029/98JC02160; O'Reilly_J.E._& 24 co-authors (2000). SeaWiFS Postlaunch Calibration and Validation Analyses_Part 3. NASA Tech. Memo. 2000-206892_Vol. 11_S.B. Hooker and E.R. Firestone_Eds._NASA Goddard Space Flight Center_49 pp.,Ocean Color Climate Change Initiative,V6.0,http://www.esa-oceancolour-cci.org/,NA,Monthly range CHLOR_A data (Blended OCI, OC3/4 and OC5 Algorithm) from the OC-CCI dataset,Ocean Colour Climate Change Initiative
,,,2016,MAB,141370.06,0,-NaN,chlorophyll a,Blended OCI, OC3/4 and OC5 Algorithm,Gohin_F._Druon_J.N._and Lampert_L. (2002) A five channel chlorophyll concentration algorithm applied to SeaWiFS data processed by SeaDAS in coastal waters_International Journal of Remote Sensing_23:8_1639-1661_DOI: 10.1080/01431160110071879; Gohin_F._S. Loyer_M. Lunven_C. Labry_J.-M. Froidefond_D. Delmas_M. Huret and A. Herbland (2005). "Satellite-derived parameters for biological modelling in coastal waters: Illustration over the eastern continental shelf of the Bay of Biscay." Remote Sensing of Environment 95(1): 29-46_DOI: 10.1015/j.rse.2004.11.007; Hu_C._Lee_Z._& Franz_B. (2012). Chlorophyll a algorithms for oligotrophic oceans: A novel approach based on three-band reflectance difference . Journal of Geophysical Research_117(C1). doi: 10.1029/2011jc007395; O'Reilly_J.E._Maritorena_S._Mitchell_B. G._Siegel_D. A._Carder_K. L._Garver_S. A._Kahru_M._& McClain_C. R. (1998). Ocean color chlorophyll algorithms for SeaWiFS_Journal of Geophysical Research 103_24937-24953_doi: 10.1029/98JC02160; O'Reilly_J.E._& 24 co-authors (2000). SeaWiFS Postlaunch Calibration and Validation Analyses_Part 3. NASA Tech. Memo. 2000-206892_Vol. 11_S.B. Hooker and E.R. Firestone_Eds._NASA Goddard Space Flight Center_49 pp.,Ocean Color Climate Change Initiative,V6.0,http://www.esa-oceancolour-cci.org/,NA,Monthly range CHLOR_A data (Blended OCI, OC3/4 and OC5 Algorithm) from the OC-CCI dataset,Ocean Colour Climate Change Initiative
,,,2017,MAB,141370.06,0,-NaN,chlorophyll a,Blended OCI, OC3/4 and OC5 Algorithm,Gohin_F._Druon_J.N._and Lampert_L. (2002) A five channel chlorophyll concentration algorithm applied to SeaWiFS data processed by SeaDAS in coastal waters_International Journal of Remote Sensing_23:8_1639-1661_DOI: 10.1080/01431160110071879; Gohin_F._S. Loyer_M. Lunven_C. Labry_J.-M. Froidefond_D. Delmas_M. Huret and A. Herbland (2005). "Satellite-derived parameters for biological modelling in coastal waters: Illustration over the eastern continental shelf of the Bay of Biscay." Remote Sensing of Environment 95(1): 29-46_DOI: 10.1015/j.rse.2004.11.007; Hu_C._Lee_Z._& Franz_B. (2012). Chlorophyll a algorithms for oligotrophic oceans: A novel approach based on three-band reflectance difference . Journal of Geophysical Research_117(C1). doi: 10.1029/2011jc007395; O'Reilly_J.E._Maritorena_S._Mitchell_B. G._Siegel_D. A._Carder_K. L._Garver_S. A._Kahru_M._& McClain_C. R. (1998). Ocean color chlorophyll algorithms for SeaWiFS_Journal of Geophysical Research 103_24937-24953_doi: 10.1029/98JC02160; O'Reilly_J.E._& 24 co-authors (2000). SeaWiFS Postlaunch Calibration and Validation Analyses_Part 3. NASA Tech. Memo. 2000-206892_Vol. 11_S.B. Hooker and E.R. Firestone_Eds._NASA Goddard Space Flight Center_49 pp.,Ocean Color Climate Change Initiative,V6.0,http://www.esa-oceancolour-cci.org/,NA,Monthly range CHLOR_A data (Blended OCI, OC3/4 and OC5 Algorithm) from the OC-CCI dataset,Ocean Colour Climate Change Initiative
,,,2018,MAB,141370.06,0,-NaN,chlorophyll a,Blended OCI, OC3/4 and OC5 Algorithm,Gohin_F._Druon_J.N._and Lampert_L. (2002) A five channel chlorophyll concentration algorithm applied to SeaWiFS data processed by SeaDAS in coastal waters_International Journal of Remote Sensing_23:8_1639-1661_DOI: 10.1080/01431160110071879; Gohin_F._S. Loyer_M. Lunven_C. Labry_J.-M. Froidefond_D. Delmas_M. Huret and A. Herbland (2005). "Satellite-derived parameters for biological modelling in coastal waters: Illustration over the eastern continental shelf of the Bay of Biscay." Remote Sensing of Environment 95(1): 29-46_DOI: 10.1015/j.rse.2004.11.007; Hu_C._Lee_Z._& Franz_B. (2012). Chlorophyll a algorithms for oligotrophic oceans: A novel approach based on three-band reflectance difference . Journal of Geophysical Research_117(C1). doi: 10.1029/2011jc007395; O'Reilly_J.E._Maritorena_S._Mitchell_B. G._Siegel_D. A._Carder_K. L._Garver_S. A._Kahru_M._& McClain_C. R. (1998). Ocean color chlorophyll algorithms for SeaWiFS_Journal of Geophysical Research 103_24937-24953_doi: 10.1029/98JC02160; O'Reilly_J.E._& 24 co-authors (2000). SeaWiFS Postlaunch Calibration and Validation Analyses_Part 3. NASA Tech. Memo. 2000-206892_Vol. 11_S.B. Hooker and E.R. Firestone_Eds._NASA Goddard Space Flight Center_49 pp.,Ocean Color Climate Change Initiative,V6.0,http://www.esa-oceancolour-cci.org/,NA,Monthly range CHLOR_A data (Blended OCI, OC3/4 and OC5 Algorithm) from the OC-CCI dataset,Ocean Colour Climate Change Initiative
,,,2019,MAB,141370.06,0,-NaN,chlorophyll a,Blended OCI, OC3/4 and OC5 Algorithm,Gohin_F._Druon_J.N._and Lampert_L. (2002) A five channel chlorophyll concentration algorithm applied to SeaWiFS data processed by SeaDAS in coastal waters_International Journal of Remote Sensing_23:8_1639-1661_DOI: 10.1080/01431160110071879; Gohin_F._S. Loyer_M. Lunven_C. Labry_J.-M. Froidefond_D. Delmas_M. Huret and A. Herbland (2005). "Satellite-derived parameters for biological modelling in coastal waters: Illustration over the eastern continental shelf of the Bay of Biscay." Remote Sensing of Environment 95(1): 29-46_DOI: 10.1015/j.rse.2004.11.007; Hu_C._Lee_Z._& Franz_B. (2012). Chlorophyll a algorithms for oligotrophic oceans: A novel approach based on three-band reflectance difference . Journal of Geophysical Research_117(C1). doi: 10.1029/2011jc007395; O'Reilly_J.E._Maritorena_S._Mitchell_B. G._Siegel_D. A._Carder_K. L._Garver_S. A._Kahru_M._& McClain_C. R. (1998). Ocean color chlorophyll algorithms for SeaWiFS_Journal of Geophysical Research 103_24937-24953_doi: 10.1029/98JC02160; O'Reilly_J.E._& 24 co-authors (2000). SeaWiFS Postlaunch Calibration and Validation Analyses_Part 3. NASA Tech. Memo. 2000-206892_Vol. 11_S.B. Hooker and E.R. Firestone_Eds._NASA Goddard Space Flight Center_49 pp.,Ocean Color Climate Change Initiative,V6.0,http://www.esa-oceancolour-cci.org/,NA,Monthly range CHLOR_A data (Blended OCI, OC3/4 and OC5 Algorithm) from the OC-CCI dataset,Ocean Colour Climate Change Initiative
,,,2020,MAB,141370.06,0,-NaN,chlorophyll a,Blended OCI, OC3/4 and OC5 Algorithm,Gohin_F._Druon_J.N._and Lampert_L. (2002) A five channel chlorophyll concentration algorithm applied to SeaWiFS data processed by SeaDAS in coastal waters_International Journal of Remote Sensing_23:8_1639-1661_DOI: 10.1080/01431160110071879; Gohin_F._S. Loyer_M. Lunven_C. Labry_J.-M. Froidefond_D. Delmas_M. Huret and A. Herbland (2005). "Satellite-derived parameters for biological modelling in coastal waters: Illustration over the eastern continental shelf of the Bay of Biscay." Remote Sensing of Environment 95(1): 29-46_DOI: 10.1015/j.rse.2004.11.007; Hu_C._Lee_Z._& Franz_B. (2012). Chlorophyll a algorithms for oligotrophic oceans: A novel approach based on three-band reflectance difference . Journal of Geophysical Research_117(C1). doi: 10.1029/2011jc007395; O'Reilly_J.E._Maritorena_S._Mitchell_B. G._Siegel_D. A._Carder_K. L._Garver_S. A._Kahru_M._& McClain_C. R. (1998). Ocean color chlorophyll algorithms for SeaWiFS_Journal of Geophysical Research 103_24937-24953_doi: 10.1029/98JC02160; O'Reilly_J.E._& 24 co-authors (2000). SeaWiFS Postlaunch Calibration and Validation Analyses_Part 3. NASA Tech. Memo. 2000-206892_Vol. 11_S.B. Hooker and E.R. Firestone_Eds._NASA Goddard Space Flight Center_49 pp.,Ocean Color Climate Change Initiative,V6.0,http://www.esa-oceancolour-cci.org/,NA,Monthly range CHLOR_A data (Blended OCI, OC3/4 and OC5 Algorithm) from the OC-CCI dataset,Ocean Colour Climate Change Initiative
,,,2021,MAB,141370.06,0,-NaN,chlorophyll a,Blended OCI, OC3/4 and OC5 Algorithm,Gohin_F._Druon_J.N._and Lampert_L. (2002) A five channel chlorophyll concentration algorithm applied to SeaWiFS data processed by SeaDAS in coastal waters_International Journal of Remote Sensing_23:8_1639-1661_DOI: 10.1080/01431160110071879; Gohin_F._S. Loyer_M. Lunven_C. Labry_J.-M. Froidefond_D. Delmas_M. Huret and A. Herbland (2005). "Satellite-derived parameters for biological modelling in coastal waters: Illustration over the eastern continental shelf of the Bay of Biscay." Remote Sensing of Environment 95(1): 29-46_DOI: 10.1015/j.rse.2004.11.007; Hu_C._Lee_Z._& Franz_B. (2012). Chlorophyll a algorithms for oligotrophic oceans: A novel approach based on three-band reflectance difference . Journal of Geophysical Research_117(C1). doi: 10.1029/2011jc007395; O'Reilly_J.E._Maritorena_S._Mitchell_B. G._Siegel_D. A._Carder_K. L._Garver_S. A._Kahru_M._& McClain_C. R. (1998). Ocean color chlorophyll algorithms for SeaWiFS_Journal of Geophysical Research 103_24937-24953_doi: 10.1029/98JC02160; O'Reilly_J.E._& 24 co-authors (2000). SeaWiFS Postlaunch Calibration and Validation Analyses_Part 3. NASA Tech. Memo. 2000-206892_Vol. 11_S.B. Hooker and E.R. Firestone_Eds._NASA Goddard Space Flight Center_49 pp.,Ocean Color Climate Change Initiative,V6.0,http://www.esa-oceancolour-cci.org/,NA,Monthly range CHLOR_A data (Blended OCI, OC3/4 and OC5 Algorithm) from the OC-CCI dataset,Ocean Colour Climate Change Initiative
,,,2022,MAB,141370.06,0,-NaN,chlorophyll a,Blended OCI, OC3/4 and OC5 Algorithm,Gohin_F._Druon_J.N._and Lampert_L. (2002) A five channel chlorophyll concentration algorithm applied to SeaWiFS data processed by SeaDAS in coastal waters_International Journal of Remote Sensing_23:8_1639-1661_DOI: 10.1080/01431160110071879; Gohin_F._S. Loyer_M. Lunven_C. Labry_J.-M. Froidefond_D. Delmas_M. Huret and A. Herbland (2005). "Satellite-derived parameters for biological modelling in coastal waters: Illustration over the eastern continental shelf of the Bay of Biscay." Remote Sensing of Environment 95(1): 29-46_DOI: 10.1015/j.rse.2004.11.007; Hu_C._Lee_Z._& Franz_B. (2012). Chlorophyll a algorithms for oligotrophic oceans: A novel approach based on three-band reflectance difference . Journal of Geophysical Research_117(C1). doi: 10.1029/2011jc007395; O'Reilly_J.E._Maritorena_S._Mitchell_B. G._Siegel_D. A._Carder_K. L._Garver_S. A._Kahru_M._& McClain_C. R. (1998). Ocean color chlorophyll algorithms for SeaWiFS_Journal of Geophysical Research 103_24937-24953_doi: 10.1029/98JC02160; O'Reilly_J.E._& 24 co-authors (2000). SeaWiFS Postlaunch Calibration and Validation Analyses_Part 3. NASA Tech. Memo. 2000-206892_Vol. 11_S.B. Hooker and E.R. Firestone_Eds._NASA Goddard Space Flight Center_49 pp.,Ocean Color Climate Change Initiative,V6.0,http://www.esa-oceancolour-cci.org/,NA,Monthly range CHLOR_A data (Blended OCI, OC3/4 and OC5 Algorithm) from the OC-CCI dataset,Ocean Colour Climate Change Initiative
