SENSOR,PROD,ALG,PERIOD,YEAR,REGION,SUBAREA,EXTRACT_TAG,TOTAL_PIXEL_AREA_KM2,N_MONTHS,ANNUAL_MEAN,ANNUAL_SUM,ANNUAL_MTON,ANNUAL_TTON,TIME_START,TIME_END,NC_NAME,TITLE,ID,HISTORY,SUMMARY,KEYWORDS,MAP,RESOLUTION,PERIOD_NAME,PERIOD_METHOD,CLIM_BOUNDS,CLIM_METHOD,CLIM_START,CLIM_END,TIME_UNITS,TIME_ORIGIN,DURATION,IOOS_CATEGORY,STATISTIC_LABEL,LEVEL,PROD$2,PROD_NAME,ALG$2,ALG_NAME,ALG_REFERENCE,UNITS,SENSOR_NAME,PLATFORM,PLATFORM_TYPE,SHORT_NAME,CONTRIBUTOR_NAME,CONTRIBUTOR_ROLE,SOURCE_DATA_URL,SOURCE_DATA_DOI,SOURCE_DATA_LEVEL,SOURCE_DATA_VERSION,SOURCE_DATA_ACCESS_DATE,TITLE_GLOBCOLOUR,SENSOR_GLOBCOLOUR,PLATFORM_GLOBCOLOUR,SHORT_NAME_GLOBCOLOUR,CONTRIBUTOR_NAME_GLOBCOLOUR,SOURCE_DATA_URL_GLOBCOLOUR,SOURCE_DATA_DOI_GLOBCOLOUR,SOURCE_DATA_VERSION_GLOBCOLOUR,SOURCE_DATA_ACCESS_DATE_GLOBCOLOUR
OCCCI,PPD,VGPM2,A_1998,1998,NES_EPU_STATISTICAL_AREAS_NOEST,GB,,95351.430,12,0.6013024,21834146856384.90,21834146.80125898,21834.14680125898,1998-01-01T00:00:00Z,2023-12-31T23:59:59Z,,Monthly range PPD data (Vertically Generalized Production Model - Eppley) from the OC-CCI dataset,,,,,,,Monthly range,,,,,,seconds since 1970-01-01T00:00:00Z,1970-01-01T00:00:00Z,12 months,Productivity,,,PPD,daily primary production,VGPM2,Vertically Generalized Production Model - Eppley,Behrenfeld_M. J. and P. G. Falkowski (1997). "Photosynthetic rates derived from satellite-based chlorophyll concentration." Limnology and Oceanography 42(1): 1-20; Eppley_R. W. (1972). "Temperature and phytoplankton growth in the sea." Fishery Bulletin 70(4): 1063-1085.,gcarbon/m^2/day,Ocean Color Climate Change Initiative,SeaWiFS-OrbView2, MERIS-ENVISAT, MODIS-Aqua, VIIRS-SNPP,dataset,OC-CCI,Ocean Colour Climate Change Initiative,Source of the level 3 merged data,http://www.esa-oceancolour-cci.org/,NA,L3,V6.0,20221101-20221105,Monthly range PPD data (Vertically Generalized Production Model - Eppley) from the GLOB dataset,GlobColour,SeaWiFS-OrbView2, MERIS-ENVISAT, MODIS-Aqua, VIIRS-SNPP, OLCI-A, VIIRS JPSS-1, OLCI-B,GLOB,The European Service for Ocean Colour,https://www.globcolour.info,,R2019,20210513-present
OCCCI,PPD,VGPM2,A_1999,1999,NES_EPU_STATISTICAL_AREAS_NOEST,GB,,95351.430,12,0.6497362,24095750914859.67,24095750.85402374,24095.75085402374,1998-01-01T00:00:00Z,2023-12-31T23:59:59Z,,Monthly range PPD data (Vertically Generalized Production Model - Eppley) from the OC-CCI dataset,,,,,,,Monthly range,,,,,,seconds since 1970-01-01T00:00:00Z,1970-01-01T00:00:00Z,12 months,Productivity,,,PPD,daily primary production,VGPM2,Vertically Generalized Production Model - Eppley,Behrenfeld_M. J. and P. G. Falkowski (1997). "Photosynthetic rates derived from satellite-based chlorophyll concentration." Limnology and Oceanography 42(1): 1-20; Eppley_R. W. (1972). "Temperature and phytoplankton growth in the sea." Fishery Bulletin 70(4): 1063-1085.,gcarbon/m^2/day,Ocean Color Climate Change Initiative,SeaWiFS-OrbView2, MERIS-ENVISAT, MODIS-Aqua, VIIRS-SNPP,dataset,OC-CCI,Ocean Colour Climate Change Initiative,Source of the level 3 merged data,http://www.esa-oceancolour-cci.org/,NA,L3,V6.0,20221101-20221105,Monthly range PPD data (Vertically Generalized Production Model - Eppley) from the GLOB dataset,GlobColour,SeaWiFS-OrbView2, MERIS-ENVISAT, MODIS-Aqua, VIIRS-SNPP, OLCI-A, VIIRS JPSS-1, OLCI-B,GLOB,The European Service for Ocean Colour,https://www.globcolour.info,,R2019,20210513-present
OCCCI,PPD,VGPM2,A_2000,2000,NES_EPU_STATISTICAL_AREAS_NOEST,GB,,95351.430,12,0.6684075,24518966704661.54,24518966.64275710,24518.96664275710,1998-01-01T00:00:00Z,2023-12-31T23:59:59Z,,Monthly range PPD data (Vertically Generalized Production Model - Eppley) from the OC-CCI dataset,,,,,,,Monthly range,,,,,,seconds since 1970-01-01T00:00:00Z,1970-01-01T00:00:00Z,12 months,Productivity,,,PPD,daily primary production,VGPM2,Vertically Generalized Production Model - Eppley,Behrenfeld_M. J. and P. G. Falkowski (1997). "Photosynthetic rates derived from satellite-based chlorophyll concentration." Limnology and Oceanography 42(1): 1-20; Eppley_R. W. (1972). "Temperature and phytoplankton growth in the sea." Fishery Bulletin 70(4): 1063-1085.,gcarbon/m^2/day,Ocean Color Climate Change Initiative,SeaWiFS-OrbView2, MERIS-ENVISAT, MODIS-Aqua, VIIRS-SNPP,dataset,OC-CCI,Ocean Colour Climate Change Initiative,Source of the level 3 merged data,http://www.esa-oceancolour-cci.org/,NA,L3,V6.0,20221101-20221105,Monthly range PPD data (Vertically Generalized Production Model - Eppley) from the GLOB dataset,GlobColour,SeaWiFS-OrbView2, MERIS-ENVISAT, MODIS-Aqua, VIIRS-SNPP, OLCI-A, VIIRS JPSS-1, OLCI-B,GLOB,The European Service for Ocean Colour,https://www.globcolour.info,,R2019,20210513-present
OCCCI,PPD,VGPM2,A_2001,2001,NES_EPU_STATISTICAL_AREAS_NOEST,GB,,95351.430,12,0.6299626,23038064651488.60,23038064.59332307,23038.06459332307,1998-01-01T00:00:00Z,2023-12-31T23:59:59Z,,Monthly range PPD data (Vertically Generalized Production Model - Eppley) from the OC-CCI dataset,,,,,,,Monthly range,,,,,,seconds since 1970-01-01T00:00:00Z,1970-01-01T00:00:00Z,12 months,Productivity,,,PPD,daily primary production,VGPM2,Vertically Generalized Production Model - Eppley,Behrenfeld_M. J. and P. G. Falkowski (1997). "Photosynthetic rates derived from satellite-based chlorophyll concentration." Limnology and Oceanography 42(1): 1-20; Eppley_R. W. (1972). "Temperature and phytoplankton growth in the sea." Fishery Bulletin 70(4): 1063-1085.,gcarbon/m^2/day,Ocean Color Climate Change Initiative,SeaWiFS-OrbView2, MERIS-ENVISAT, MODIS-Aqua, VIIRS-SNPP,dataset,OC-CCI,Ocean Colour Climate Change Initiative,Source of the level 3 merged data,http://www.esa-oceancolour-cci.org/,NA,L3,V6.0,20221101-20221105,Monthly range PPD data (Vertically Generalized Production Model - Eppley) from the GLOB dataset,GlobColour,SeaWiFS-OrbView2, MERIS-ENVISAT, MODIS-Aqua, VIIRS-SNPP, OLCI-A, VIIRS JPSS-1, OLCI-B,GLOB,The European Service for Ocean Colour,https://www.globcolour.info,,R2019,20210513-present
OCCCI,PPD,VGPM2,A_2002,2002,NES_EPU_STATISTICAL_AREAS_NOEST,GB,,95351.430,12,0.6572635,24508442539269.58,24508442.47739171,24508.44247739171,1998-01-01T00:00:00Z,2023-12-31T23:59:59Z,,Monthly range PPD data (Vertically Generalized Production Model - Eppley) from the OC-CCI dataset,,,,,,,Monthly range,,,,,,seconds since 1970-01-01T00:00:00Z,1970-01-01T00:00:00Z,12 months,Productivity,,,PPD,daily primary production,VGPM2,Vertically Generalized Production Model - Eppley,Behrenfeld_M. J. and P. G. Falkowski (1997). "Photosynthetic rates derived from satellite-based chlorophyll concentration." Limnology and Oceanography 42(1): 1-20; Eppley_R. W. (1972). "Temperature and phytoplankton growth in the sea." Fishery Bulletin 70(4): 1063-1085.,gcarbon/m^2/day,Ocean Color Climate Change Initiative,SeaWiFS-OrbView2, MERIS-ENVISAT, MODIS-Aqua, VIIRS-SNPP,dataset,OC-CCI,Ocean Colour Climate Change Initiative,Source of the level 3 merged data,http://www.esa-oceancolour-cci.org/,NA,L3,V6.0,20221101-20221105,Monthly range PPD data (Vertically Generalized Production Model - Eppley) from the GLOB dataset,GlobColour,SeaWiFS-OrbView2, MERIS-ENVISAT, MODIS-Aqua, VIIRS-SNPP, OLCI-A, VIIRS JPSS-1, OLCI-B,GLOB,The European Service for Ocean Colour,https://www.globcolour.info,,R2019,20210513-present
OCCCI,PPD,VGPM2,A_2003,2003,NES_EPU_STATISTICAL_AREAS_NOEST,GB,,95351.430,12,0.6146244,22545401521970.09,22545401.46504842,22545.40146504842,1998-01-01T00:00:00Z,2023-12-31T23:59:59Z,,Monthly range PPD data (Vertically Generalized Production Model - Eppley) from the OC-CCI dataset,,,,,,,Monthly range,,,,,,seconds since 1970-01-01T00:00:00Z,1970-01-01T00:00:00Z,12 months,Productivity,,,PPD,daily primary production,VGPM2,Vertically Generalized Production Model - Eppley,Behrenfeld_M. J. and P. G. Falkowski (1997). "Photosynthetic rates derived from satellite-based chlorophyll concentration." Limnology and Oceanography 42(1): 1-20; Eppley_R. W. (1972). "Temperature and phytoplankton growth in the sea." Fishery Bulletin 70(4): 1063-1085.,gcarbon/m^2/day,Ocean Color Climate Change Initiative,SeaWiFS-OrbView2, MERIS-ENVISAT, MODIS-Aqua, VIIRS-SNPP,dataset,OC-CCI,Ocean Colour Climate Change Initiative,Source of the level 3 merged data,http://www.esa-oceancolour-cci.org/,NA,L3,V6.0,20221101-20221105,Monthly range PPD data (Vertically Generalized Production Model - Eppley) from the GLOB dataset,GlobColour,SeaWiFS-OrbView2, MERIS-ENVISAT, MODIS-Aqua, VIIRS-SNPP, OLCI-A, VIIRS JPSS-1, OLCI-B,GLOB,The European Service for Ocean Colour,https://www.globcolour.info,,R2019,20210513-present
OCCCI,PPD,VGPM2,A_2004,2004,NES_EPU_STATISTICAL_AREAS_NOEST,GB,,95351.430,12,0.5826091,21427220405375.48,21427220.35127695,21427.22035127695,1998-01-01T00:00:00Z,2023-12-31T23:59:59Z,,Monthly range PPD data (Vertically Generalized Production Model - Eppley) from the OC-CCI dataset,,,,,,,Monthly range,,,,,,seconds since 1970-01-01T00:00:00Z,1970-01-01T00:00:00Z,12 months,Productivity,,,PPD,daily primary production,VGPM2,Vertically Generalized Production Model - Eppley,Behrenfeld_M. J. and P. G. Falkowski (1997). "Photosynthetic rates derived from satellite-based chlorophyll concentration." Limnology and Oceanography 42(1): 1-20; Eppley_R. W. (1972). "Temperature and phytoplankton growth in the sea." Fishery Bulletin 70(4): 1063-1085.,gcarbon/m^2/day,Ocean Color Climate Change Initiative,SeaWiFS-OrbView2, MERIS-ENVISAT, MODIS-Aqua, VIIRS-SNPP,dataset,OC-CCI,Ocean Colour Climate Change Initiative,Source of the level 3 merged data,http://www.esa-oceancolour-cci.org/,NA,L3,V6.0,20221101-20221105,Monthly range PPD data (Vertically Generalized Production Model - Eppley) from the GLOB dataset,GlobColour,SeaWiFS-OrbView2, MERIS-ENVISAT, MODIS-Aqua, VIIRS-SNPP, OLCI-A, VIIRS JPSS-1, OLCI-B,GLOB,The European Service for Ocean Colour,https://www.globcolour.info,,R2019,20210513-present
OCCCI,PPD,VGPM2,A_2005,2005,NES_EPU_STATISTICAL_AREAS_NOEST,GB,,95351.430,12,0.6302280,22989872935132.91,22989872.87708906,22989.87287708906,1998-01-01T00:00:00Z,2023-12-31T23:59:59Z,,Monthly range PPD data (Vertically Generalized Production Model - Eppley) from the OC-CCI dataset,,,,,,,Monthly range,,,,,,seconds since 1970-01-01T00:00:00Z,1970-01-01T00:00:00Z,12 months,Productivity,,,PPD,daily primary production,VGPM2,Vertically Generalized Production Model - Eppley,Behrenfeld_M. J. and P. G. Falkowski (1997). "Photosynthetic rates derived from satellite-based chlorophyll concentration." Limnology and Oceanography 42(1): 1-20; Eppley_R. W. (1972). "Temperature and phytoplankton growth in the sea." Fishery Bulletin 70(4): 1063-1085.,gcarbon/m^2/day,Ocean Color Climate Change Initiative,SeaWiFS-OrbView2, MERIS-ENVISAT, MODIS-Aqua, VIIRS-SNPP,dataset,OC-CCI,Ocean Colour Climate Change Initiative,Source of the level 3 merged data,http://www.esa-oceancolour-cci.org/,NA,L3,V6.0,20221101-20221105,Monthly range PPD data (Vertically Generalized Production Model - Eppley) from the GLOB dataset,GlobColour,SeaWiFS-OrbView2, MERIS-ENVISAT, MODIS-Aqua, VIIRS-SNPP, OLCI-A, VIIRS JPSS-1, OLCI-B,GLOB,The European Service for Ocean Colour,https://www.globcolour.info,,R2019,20210513-present
OCCCI,PPD,VGPM2,A_2006,2006,NES_EPU_STATISTICAL_AREAS_NOEST,GB,,95351.430,12,0.6931872,25130982476641.86,25130982.41319223,25130.98241319223,1998-01-01T00:00:00Z,2023-12-31T23:59:59Z,,Monthly range PPD data (Vertically Generalized Production Model - Eppley) from the OC-CCI dataset,,,,,,,Monthly range,,,,,,seconds since 1970-01-01T00:00:00Z,1970-01-01T00:00:00Z,12 months,Productivity,,,PPD,daily primary production,VGPM2,Vertically Generalized Production Model - Eppley,Behrenfeld_M. J. and P. G. Falkowski (1997). "Photosynthetic rates derived from satellite-based chlorophyll concentration." Limnology and Oceanography 42(1): 1-20; Eppley_R. W. (1972). "Temperature and phytoplankton growth in the sea." Fishery Bulletin 70(4): 1063-1085.,gcarbon/m^2/day,Ocean Color Climate Change Initiative,SeaWiFS-OrbView2, MERIS-ENVISAT, MODIS-Aqua, VIIRS-SNPP,dataset,OC-CCI,Ocean Colour Climate Change Initiative,Source of the level 3 merged data,http://www.esa-oceancolour-cci.org/,NA,L3,V6.0,20221101-20221105,Monthly range PPD data (Vertically Generalized Production Model - Eppley) from the GLOB dataset,GlobColour,SeaWiFS-OrbView2, MERIS-ENVISAT, MODIS-Aqua, VIIRS-SNPP, OLCI-A, VIIRS JPSS-1, OLCI-B,GLOB,The European Service for Ocean Colour,https://www.globcolour.info,,R2019,20210513-present
OCCCI,PPD,VGPM2,A_2007,2007,NES_EPU_STATISTICAL_AREAS_NOEST,GB,,95351.430,12,0.6600816,24150601105248.67,24150601.04427427,24150.60104427427,1998-01-01T00:00:00Z,2023-12-31T23:59:59Z,,Monthly range PPD data (Vertically Generalized Production Model - Eppley) from the OC-CCI dataset,,,,,,,Monthly range,,,,,,seconds since 1970-01-01T00:00:00Z,1970-01-01T00:00:00Z,12 months,Productivity,,,PPD,daily primary production,VGPM2,Vertically Generalized Production Model - Eppley,Behrenfeld_M. J. and P. G. Falkowski (1997). "Photosynthetic rates derived from satellite-based chlorophyll concentration." Limnology and Oceanography 42(1): 1-20; Eppley_R. W. (1972). "Temperature and phytoplankton growth in the sea." Fishery Bulletin 70(4): 1063-1085.,gcarbon/m^2/day,Ocean Color Climate Change Initiative,SeaWiFS-OrbView2, MERIS-ENVISAT, MODIS-Aqua, VIIRS-SNPP,dataset,OC-CCI,Ocean Colour Climate Change Initiative,Source of the level 3 merged data,http://www.esa-oceancolour-cci.org/,NA,L3,V6.0,20221101-20221105,Monthly range PPD data (Vertically Generalized Production Model - Eppley) from the GLOB dataset,GlobColour,SeaWiFS-OrbView2, MERIS-ENVISAT, MODIS-Aqua, VIIRS-SNPP, OLCI-A, VIIRS JPSS-1, OLCI-B,GLOB,The European Service for Ocean Colour,https://www.globcolour.info,,R2019,20210513-present
OCCCI,PPD,VGPM2,A_2008,2008,NES_EPU_STATISTICAL_AREAS_NOEST,GB,,95351.430,12,0.6626787,24295783371690.29,24295783.31034933,24295.78331034934,1998-01-01T00:00:00Z,2023-12-31T23:59:59Z,,Monthly range PPD data (Vertically Generalized Production Model - Eppley) from the OC-CCI dataset,,,,,,,Monthly range,,,,,,seconds since 1970-01-01T00:00:00Z,1970-01-01T00:00:00Z,12 months,Productivity,,,PPD,daily primary production,VGPM2,Vertically Generalized Production Model - Eppley,Behrenfeld_M. J. and P. G. Falkowski (1997). "Photosynthetic rates derived from satellite-based chlorophyll concentration." Limnology and Oceanography 42(1): 1-20; Eppley_R. W. (1972). "Temperature and phytoplankton growth in the sea." Fishery Bulletin 70(4): 1063-1085.,gcarbon/m^2/day,Ocean Color Climate Change Initiative,SeaWiFS-OrbView2, MERIS-ENVISAT, MODIS-Aqua, VIIRS-SNPP,dataset,OC-CCI,Ocean Colour Climate Change Initiative,Source of the level 3 merged data,http://www.esa-oceancolour-cci.org/,NA,L3,V6.0,20221101-20221105,Monthly range PPD data (Vertically Generalized Production Model - Eppley) from the GLOB dataset,GlobColour,SeaWiFS-OrbView2, MERIS-ENVISAT, MODIS-Aqua, VIIRS-SNPP, OLCI-A, VIIRS JPSS-1, OLCI-B,GLOB,The European Service for Ocean Colour,https://www.globcolour.info,,R2019,20210513-present
OCCCI,PPD,VGPM2,A_2009,2009,NES_EPU_STATISTICAL_AREAS_NOEST,GB,,95351.430,12,0.6655533,24519479423018.73,24519479.36111299,24519.47936111299,1998-01-01T00:00:00Z,2023-12-31T23:59:59Z,,Monthly range PPD data (Vertically Generalized Production Model - Eppley) from the OC-CCI dataset,,,,,,,Monthly range,,,,,,seconds since 1970-01-01T00:00:00Z,1970-01-01T00:00:00Z,12 months,Productivity,,,PPD,daily primary production,VGPM2,Vertically Generalized Production Model - Eppley,Behrenfeld_M. J. and P. G. Falkowski (1997). "Photosynthetic rates derived from satellite-based chlorophyll concentration." Limnology and Oceanography 42(1): 1-20; Eppley_R. W. (1972). "Temperature and phytoplankton growth in the sea." Fishery Bulletin 70(4): 1063-1085.,gcarbon/m^2/day,Ocean Color Climate Change Initiative,SeaWiFS-OrbView2, MERIS-ENVISAT, MODIS-Aqua, VIIRS-SNPP,dataset,OC-CCI,Ocean Colour Climate Change Initiative,Source of the level 3 merged data,http://www.esa-oceancolour-cci.org/,NA,L3,V6.0,20221101-20221105,Monthly range PPD data (Vertically Generalized Production Model - Eppley) from the GLOB dataset,GlobColour,SeaWiFS-OrbView2, MERIS-ENVISAT, MODIS-Aqua, VIIRS-SNPP, OLCI-A, VIIRS JPSS-1, OLCI-B,GLOB,The European Service for Ocean Colour,https://www.globcolour.info,,R2019,20210513-present
OCCCI,PPD,VGPM2,A_2010,2010,NES_EPU_STATISTICAL_AREAS_NOEST,GB,,95351.430,12,0.6961229,25548346978944.32,25548346.91444095,25548.34691444095,1998-01-01T00:00:00Z,2023-12-31T23:59:59Z,,Monthly range PPD data (Vertically Generalized Production Model - Eppley) from the OC-CCI dataset,,,,,,,Monthly range,,,,,,seconds since 1970-01-01T00:00:00Z,1970-01-01T00:00:00Z,12 months,Productivity,,,PPD,daily primary production,VGPM2,Vertically Generalized Production Model - Eppley,Behrenfeld_M. J. and P. G. Falkowski (1997). "Photosynthetic rates derived from satellite-based chlorophyll concentration." Limnology and Oceanography 42(1): 1-20; Eppley_R. W. (1972). "Temperature and phytoplankton growth in the sea." Fishery Bulletin 70(4): 1063-1085.,gcarbon/m^2/day,Ocean Color Climate Change Initiative,SeaWiFS-OrbView2, MERIS-ENVISAT, MODIS-Aqua, VIIRS-SNPP,dataset,OC-CCI,Ocean Colour Climate Change Initiative,Source of the level 3 merged data,http://www.esa-oceancolour-cci.org/,NA,L3,V6.0,20221101-20221105,Monthly range PPD data (Vertically Generalized Production Model - Eppley) from the GLOB dataset,GlobColour,SeaWiFS-OrbView2, MERIS-ENVISAT, MODIS-Aqua, VIIRS-SNPP, OLCI-A, VIIRS JPSS-1, OLCI-B,GLOB,The European Service for Ocean Colour,https://www.globcolour.info,,R2019,20210513-present
OCCCI,PPD,VGPM2,A_2011,2011,NES_EPU_STATISTICAL_AREAS_NOEST,GB,,95351.430,12,0.6613029,24374477961274.42,24374477.89973478,24374.47789973477,1998-01-01T00:00:00Z,2023-12-31T23:59:59Z,,Monthly range PPD data (Vertically Generalized Production Model - Eppley) from the OC-CCI dataset,,,,,,,Monthly range,,,,,,seconds since 1970-01-01T00:00:00Z,1970-01-01T00:00:00Z,12 months,Productivity,,,PPD,daily primary production,VGPM2,Vertically Generalized Production Model - Eppley,Behrenfeld_M. J. and P. G. Falkowski (1997). "Photosynthetic rates derived from satellite-based chlorophyll concentration." Limnology and Oceanography 42(1): 1-20; Eppley_R. W. (1972). "Temperature and phytoplankton growth in the sea." Fishery Bulletin 70(4): 1063-1085.,gcarbon/m^2/day,Ocean Color Climate Change Initiative,SeaWiFS-OrbView2, MERIS-ENVISAT, MODIS-Aqua, VIIRS-SNPP,dataset,OC-CCI,Ocean Colour Climate Change Initiative,Source of the level 3 merged data,http://www.esa-oceancolour-cci.org/,NA,L3,V6.0,20221101-20221105,Monthly range PPD data (Vertically Generalized Production Model - Eppley) from the GLOB dataset,GlobColour,SeaWiFS-OrbView2, MERIS-ENVISAT, MODIS-Aqua, VIIRS-SNPP, OLCI-A, VIIRS JPSS-1, OLCI-B,GLOB,The European Service for Ocean Colour,https://www.globcolour.info,,R2019,20210513-present
OCCCI,PPD,VGPM2,A_2012,2012,NES_EPU_STATISTICAL_AREAS_NOEST,GB,,95351.430,12,0.7450381,27354027193492.35,27354027.12443007,27354.02712443007,1998-01-01T00:00:00Z,2023-12-31T23:59:59Z,,Monthly range PPD data (Vertically Generalized Production Model - Eppley) from the OC-CCI dataset,,,,,,,Monthly range,,,,,,seconds since 1970-01-01T00:00:00Z,1970-01-01T00:00:00Z,12 months,Productivity,,,PPD,daily primary production,VGPM2,Vertically Generalized Production Model - Eppley,Behrenfeld_M. J. and P. G. Falkowski (1997). "Photosynthetic rates derived from satellite-based chlorophyll concentration." Limnology and Oceanography 42(1): 1-20; Eppley_R. W. (1972). "Temperature and phytoplankton growth in the sea." Fishery Bulletin 70(4): 1063-1085.,gcarbon/m^2/day,Ocean Color Climate Change Initiative,SeaWiFS-OrbView2, MERIS-ENVISAT, MODIS-Aqua, VIIRS-SNPP,dataset,OC-CCI,Ocean Colour Climate Change Initiative,Source of the level 3 merged data,http://www.esa-oceancolour-cci.org/,NA,L3,V6.0,20221101-20221105,Monthly range PPD data (Vertically Generalized Production Model - Eppley) from the GLOB dataset,GlobColour,SeaWiFS-OrbView2, MERIS-ENVISAT, MODIS-Aqua, VIIRS-SNPP, OLCI-A, VIIRS JPSS-1, OLCI-B,GLOB,The European Service for Ocean Colour,https://www.globcolour.info,,R2019,20210513-present
OCCCI,PPD,VGPM2,A_2013,2013,NES_EPU_STATISTICAL_AREAS_NOEST,GB,,95351.430,12,0.6597189,24448309725759.88,24448309.66403383,24448.30966403383,1998-01-01T00:00:00Z,2023-12-31T23:59:59Z,,Monthly range PPD data (Vertically Generalized Production Model - Eppley) from the OC-CCI dataset,,,,,,,Monthly range,,,,,,seconds since 1970-01-01T00:00:00Z,1970-01-01T00:00:00Z,12 months,Productivity,,,PPD,daily primary production,VGPM2,Vertically Generalized Production Model - Eppley,Behrenfeld_M. J. and P. G. Falkowski (1997). "Photosynthetic rates derived from satellite-based chlorophyll concentration." Limnology and Oceanography 42(1): 1-20; Eppley_R. W. (1972). "Temperature and phytoplankton growth in the sea." Fishery Bulletin 70(4): 1063-1085.,gcarbon/m^2/day,Ocean Color Climate Change Initiative,SeaWiFS-OrbView2, MERIS-ENVISAT, MODIS-Aqua, VIIRS-SNPP,dataset,OC-CCI,Ocean Colour Climate Change Initiative,Source of the level 3 merged data,http://www.esa-oceancolour-cci.org/,NA,L3,V6.0,20221101-20221105,Monthly range PPD data (Vertically Generalized Production Model - Eppley) from the GLOB dataset,GlobColour,SeaWiFS-OrbView2, MERIS-ENVISAT, MODIS-Aqua, VIIRS-SNPP, OLCI-A, VIIRS JPSS-1, OLCI-B,GLOB,The European Service for Ocean Colour,https://www.globcolour.info,,R2019,20210513-present
OCCCI,PPD,VGPM2,A_2014,2014,NES_EPU_STATISTICAL_AREAS_NOEST,GB,,95351.430,12,0.6878310,25761543178251.19,25761543.11320955,25761.54311320955,1998-01-01T00:00:00Z,2023-12-31T23:59:59Z,,Monthly range PPD data (Vertically Generalized Production Model - Eppley) from the OC-CCI dataset,,,,,,,Monthly range,,,,,,seconds since 1970-01-01T00:00:00Z,1970-01-01T00:00:00Z,12 months,Productivity,,,PPD,daily primary production,VGPM2,Vertically Generalized Production Model - Eppley,Behrenfeld_M. J. and P. G. Falkowski (1997). "Photosynthetic rates derived from satellite-based chlorophyll concentration." Limnology and Oceanography 42(1): 1-20; Eppley_R. W. (1972). "Temperature and phytoplankton growth in the sea." Fishery Bulletin 70(4): 1063-1085.,gcarbon/m^2/day,Ocean Color Climate Change Initiative,SeaWiFS-OrbView2, MERIS-ENVISAT, MODIS-Aqua, VIIRS-SNPP,dataset,OC-CCI,Ocean Colour Climate Change Initiative,Source of the level 3 merged data,http://www.esa-oceancolour-cci.org/,NA,L3,V6.0,20221101-20221105,Monthly range PPD data (Vertically Generalized Production Model - Eppley) from the GLOB dataset,GlobColour,SeaWiFS-OrbView2, MERIS-ENVISAT, MODIS-Aqua, VIIRS-SNPP, OLCI-A, VIIRS JPSS-1, OLCI-B,GLOB,The European Service for Ocean Colour,https://www.globcolour.info,,R2019,20210513-present
OCCCI,PPD,VGPM2,A_2015,2015,NES_EPU_STATISTICAL_AREAS_NOEST,GB,,95351.430,12,0.6656498,24723613704916.71,24723613.64249559,24723.61364249559,1998-01-01T00:00:00Z,2023-12-31T23:59:59Z,,Monthly range PPD data (Vertically Generalized Production Model - Eppley) from the OC-CCI dataset,,,,,,,Monthly range,,,,,,seconds since 1970-01-01T00:00:00Z,1970-01-01T00:00:00Z,12 months,Productivity,,,PPD,daily primary production,VGPM2,Vertically Generalized Production Model - Eppley,Behrenfeld_M. J. and P. G. Falkowski (1997). "Photosynthetic rates derived from satellite-based chlorophyll concentration." Limnology and Oceanography 42(1): 1-20; Eppley_R. W. (1972). "Temperature and phytoplankton growth in the sea." Fishery Bulletin 70(4): 1063-1085.,gcarbon/m^2/day,Ocean Color Climate Change Initiative,SeaWiFS-OrbView2, MERIS-ENVISAT, MODIS-Aqua, VIIRS-SNPP,dataset,OC-CCI,Ocean Colour Climate Change Initiative,Source of the level 3 merged data,http://www.esa-oceancolour-cci.org/,NA,L3,V6.0,20221101-20221105,Monthly range PPD data (Vertically Generalized Production Model - Eppley) from the GLOB dataset,GlobColour,SeaWiFS-OrbView2, MERIS-ENVISAT, MODIS-Aqua, VIIRS-SNPP, OLCI-A, VIIRS JPSS-1, OLCI-B,GLOB,The European Service for Ocean Colour,https://www.globcolour.info,,R2019,20210513-present
OCCCI,PPD,VGPM2,A_2016,2016,NES_EPU_STATISTICAL_AREAS_NOEST,GB,,95351.430,12,0.7020952,25976071811072.57,25976071.74548929,25976.07174548929,1998-01-01T00:00:00Z,2023-12-31T23:59:59Z,,Monthly range PPD data (Vertically Generalized Production Model - Eppley) from the OC-CCI dataset,,,,,,,Monthly range,,,,,,seconds since 1970-01-01T00:00:00Z,1970-01-01T00:00:00Z,12 months,Productivity,,,PPD,daily primary production,VGPM2,Vertically Generalized Production Model - Eppley,Behrenfeld_M. J. and P. G. Falkowski (1997). "Photosynthetic rates derived from satellite-based chlorophyll concentration." Limnology and Oceanography 42(1): 1-20; Eppley_R. W. (1972). "Temperature and phytoplankton growth in the sea." Fishery Bulletin 70(4): 1063-1085.,gcarbon/m^2/day,Ocean Color Climate Change Initiative,SeaWiFS-OrbView2, MERIS-ENVISAT, MODIS-Aqua, VIIRS-SNPP,dataset,OC-CCI,Ocean Colour Climate Change Initiative,Source of the level 3 merged data,http://www.esa-oceancolour-cci.org/,NA,L3,V6.0,20221101-20221105,Monthly range PPD data (Vertically Generalized Production Model - Eppley) from the GLOB dataset,GlobColour,SeaWiFS-OrbView2, MERIS-ENVISAT, MODIS-Aqua, VIIRS-SNPP, OLCI-A, VIIRS JPSS-1, OLCI-B,GLOB,The European Service for Ocean Colour,https://www.globcolour.info,,R2019,20210513-present
OCCCI,PPD,VGPM2,A_2017,2017,NES_EPU_STATISTICAL_AREAS_NOEST,GB,,95351.430,12,0.6862234,25022971491597.16,25022971.42842023,25022.97142842023,1998-01-01T00:00:00Z,2023-12-31T23:59:59Z,,Monthly range PPD data (Vertically Generalized Production Model - Eppley) from the OC-CCI dataset,,,,,,,Monthly range,,,,,,seconds since 1970-01-01T00:00:00Z,1970-01-01T00:00:00Z,12 months,Productivity,,,PPD,daily primary production,VGPM2,Vertically Generalized Production Model - Eppley,Behrenfeld_M. J. and P. G. Falkowski (1997). "Photosynthetic rates derived from satellite-based chlorophyll concentration." Limnology and Oceanography 42(1): 1-20; Eppley_R. W. (1972). "Temperature and phytoplankton growth in the sea." Fishery Bulletin 70(4): 1063-1085.,gcarbon/m^2/day,Ocean Color Climate Change Initiative,SeaWiFS-OrbView2, MERIS-ENVISAT, MODIS-Aqua, VIIRS-SNPP,dataset,OC-CCI,Ocean Colour Climate Change Initiative,Source of the level 3 merged data,http://www.esa-oceancolour-cci.org/,NA,L3,V6.0,20221101-20221105,Monthly range PPD data (Vertically Generalized Production Model - Eppley) from the GLOB dataset,GlobColour,SeaWiFS-OrbView2, MERIS-ENVISAT, MODIS-Aqua, VIIRS-SNPP, OLCI-A, VIIRS JPSS-1, OLCI-B,GLOB,The European Service for Ocean Colour,https://www.globcolour.info,,R2019,20210513-present
OCCCI,PPD,VGPM2,A_2018,2018,NES_EPU_STATISTICAL_AREAS_NOEST,GB,,95351.430,12,0.6762338,24701341582587.56,24701341.52022267,24701.34152022267,1998-01-01T00:00:00Z,2023-12-31T23:59:59Z,,Monthly range PPD data (Vertically Generalized Production Model - Eppley) from the OC-CCI dataset,,,,,,,Monthly range,,,,,,seconds since 1970-01-01T00:00:00Z,1970-01-01T00:00:00Z,12 months,Productivity,,,PPD,daily primary production,VGPM2,Vertically Generalized Production Model - Eppley,Behrenfeld_M. J. and P. G. Falkowski (1997). "Photosynthetic rates derived from satellite-based chlorophyll concentration." Limnology and Oceanography 42(1): 1-20; Eppley_R. W. (1972). "Temperature and phytoplankton growth in the sea." Fishery Bulletin 70(4): 1063-1085.,gcarbon/m^2/day,Ocean Color Climate Change Initiative,SeaWiFS-OrbView2, MERIS-ENVISAT, MODIS-Aqua, VIIRS-SNPP,dataset,OC-CCI,Ocean Colour Climate Change Initiative,Source of the level 3 merged data,http://www.esa-oceancolour-cci.org/,NA,L3,V6.0,20221101-20221105,Monthly range PPD data (Vertically Generalized Production Model - Eppley) from the GLOB dataset,GlobColour,SeaWiFS-OrbView2, MERIS-ENVISAT, MODIS-Aqua, VIIRS-SNPP, OLCI-A, VIIRS JPSS-1, OLCI-B,GLOB,The European Service for Ocean Colour,https://www.globcolour.info,,R2019,20210513-present
OCCCI,PPD,VGPM2,A_2019,2019,NES_EPU_STATISTICAL_AREAS_NOEST,GB,,95351.430,12,0.6854306,24988425633945.73,24988425.57085602,24988.42557085602,1998-01-01T00:00:00Z,2023-12-31T23:59:59Z,,Monthly range PPD data (Vertically Generalized Production Model - Eppley) from the OC-CCI dataset,,,,,,,Monthly range,,,,,,seconds since 1970-01-01T00:00:00Z,1970-01-01T00:00:00Z,12 months,Productivity,,,PPD,daily primary production,VGPM2,Vertically Generalized Production Model - Eppley,Behrenfeld_M. J. and P. G. Falkowski (1997). "Photosynthetic rates derived from satellite-based chlorophyll concentration." Limnology and Oceanography 42(1): 1-20; Eppley_R. W. (1972). "Temperature and phytoplankton growth in the sea." Fishery Bulletin 70(4): 1063-1085.,gcarbon/m^2/day,Ocean Color Climate Change Initiative,SeaWiFS-OrbView2, MERIS-ENVISAT, MODIS-Aqua, VIIRS-SNPP,dataset,OC-CCI,Ocean Colour Climate Change Initiative,Source of the level 3 merged data,http://www.esa-oceancolour-cci.org/,NA,L3,V6.0,20221101-20221105,Monthly range PPD data (Vertically Generalized Production Model - Eppley) from the GLOB dataset,GlobColour,SeaWiFS-OrbView2, MERIS-ENVISAT, MODIS-Aqua, VIIRS-SNPP, OLCI-A, VIIRS JPSS-1, OLCI-B,GLOB,The European Service for Ocean Colour,https://www.globcolour.info,,R2019,20210513-present
OCCCI,PPD,VGPM2,A_2020,2020,NES_EPU_STATISTICAL_AREAS_NOEST,GB,,95351.430,12,0.6401436,23615957398559.43,23615957.33893487,23615.95733893487,1998-01-01T00:00:00Z,2023-12-31T23:59:59Z,,Monthly range PPD data (Vertically Generalized Production Model - Eppley) from the OC-CCI dataset,,,,,,,Monthly range,,,,,,seconds since 1970-01-01T00:00:00Z,1970-01-01T00:00:00Z,12 months,Productivity,,,PPD,daily primary production,VGPM2,Vertically Generalized Production Model - Eppley,Behrenfeld_M. J. and P. G. Falkowski (1997). "Photosynthetic rates derived from satellite-based chlorophyll concentration." Limnology and Oceanography 42(1): 1-20; Eppley_R. W. (1972). "Temperature and phytoplankton growth in the sea." Fishery Bulletin 70(4): 1063-1085.,gcarbon/m^2/day,Ocean Color Climate Change Initiative,SeaWiFS-OrbView2, MERIS-ENVISAT, MODIS-Aqua, VIIRS-SNPP,dataset,OC-CCI,Ocean Colour Climate Change Initiative,Source of the level 3 merged data,http://www.esa-oceancolour-cci.org/,NA,L3,V6.0,20221101-20221105,Monthly range PPD data (Vertically Generalized Production Model - Eppley) from the GLOB dataset,GlobColour,SeaWiFS-OrbView2, MERIS-ENVISAT, MODIS-Aqua, VIIRS-SNPP, OLCI-A, VIIRS JPSS-1, OLCI-B,GLOB,The European Service for Ocean Colour,https://www.globcolour.info,,R2019,20210513-present
OCCCI,PPD,VGPM2,A_2021,2021,NES_EPU_STATISTICAL_AREAS_NOEST,GB,,95351.430,12,0.7014856,25858272822619.07,25858272.75733321,25858.27275733321,1998-01-01T00:00:00Z,2023-12-31T23:59:59Z,,Monthly range PPD data (Vertically Generalized Production Model - Eppley) from the OC-CCI dataset,,,,,,,Monthly range,,,,,,seconds since 1970-01-01T00:00:00Z,1970-01-01T00:00:00Z,12 months,Productivity,,,PPD,daily primary production,VGPM2,Vertically Generalized Production Model - Eppley,Behrenfeld_M. J. and P. G. Falkowski (1997). "Photosynthetic rates derived from satellite-based chlorophyll concentration." Limnology and Oceanography 42(1): 1-20; Eppley_R. W. (1972). "Temperature and phytoplankton growth in the sea." Fishery Bulletin 70(4): 1063-1085.,gcarbon/m^2/day,Ocean Color Climate Change Initiative,SeaWiFS-OrbView2, MERIS-ENVISAT, MODIS-Aqua, VIIRS-SNPP,dataset,OC-CCI,Ocean Colour Climate Change Initiative,Source of the level 3 merged data,http://www.esa-oceancolour-cci.org/,NA,L3,V6.0,20221101-20221105,Monthly range PPD data (Vertically Generalized Production Model - Eppley) from the GLOB dataset,GlobColour,SeaWiFS-OrbView2, MERIS-ENVISAT, MODIS-Aqua, VIIRS-SNPP, OLCI-A, VIIRS JPSS-1, OLCI-B,GLOB,The European Service for Ocean Colour,https://www.globcolour.info,,R2019,20210513-present
OCCCI,PPD,VGPM2,A_2022,2022,NES_EPU_STATISTICAL_AREAS_NOEST,GB,,95351.430,12,0.7520869,27316839585675.92,27316839.51670753,27316.83951670753,1998-01-01T00:00:00Z,2023-12-31T23:59:59Z,,Monthly range PPD data (Vertically Generalized Production Model - Eppley) from the OC-CCI dataset,,,,,,,Monthly range,,,,,,seconds since 1970-01-01T00:00:00Z,1970-01-01T00:00:00Z,12 months,Productivity,,,PPD,daily primary production,VGPM2,Vertically Generalized Production Model - Eppley,Behrenfeld_M. J. and P. G. Falkowski (1997). "Photosynthetic rates derived from satellite-based chlorophyll concentration." Limnology and Oceanography 42(1): 1-20; Eppley_R. W. (1972). "Temperature and phytoplankton growth in the sea." Fishery Bulletin 70(4): 1063-1085.,gcarbon/m^2/day,Ocean Color Climate Change Initiative,SeaWiFS-OrbView2, MERIS-ENVISAT, MODIS-Aqua, VIIRS-SNPP,dataset,OC-CCI,Ocean Colour Climate Change Initiative,Source of the level 3 merged data,http://www.esa-oceancolour-cci.org/,NA,L3,V6.0,20221101-20221105,Monthly range PPD data (Vertically Generalized Production Model - Eppley) from the GLOB dataset,GlobColour,SeaWiFS-OrbView2, MERIS-ENVISAT, MODIS-Aqua, VIIRS-SNPP, OLCI-A, VIIRS JPSS-1, OLCI-B,GLOB,The European Service for Ocean Colour,https://www.globcolour.info,,R2019,20210513-present
OCCCI,PPD,VGPM2,A_2023,2023,NES_EPU_STATISTICAL_AREAS_NOEST,GB,,95351.430,12,0.8651669,31804849836585.43,31804849.75628590,31804.84975628590,1998-01-01T00:00:00Z,2023-12-31T23:59:59Z,,Monthly range PPD data (Vertically Generalized Production Model - Eppley) from the OC-CCI dataset,,,,,,,Monthly range,,,,,,seconds since 1970-01-01T00:00:00Z,1970-01-01T00:00:00Z,12 months,Productivity,,,PPD,daily primary production,VGPM2,Vertically Generalized Production Model - Eppley,Behrenfeld_M. J. and P. G. Falkowski (1997). "Photosynthetic rates derived from satellite-based chlorophyll concentration." Limnology and Oceanography 42(1): 1-20; Eppley_R. W. (1972). "Temperature and phytoplankton growth in the sea." Fishery Bulletin 70(4): 1063-1085.,gcarbon/m^2/day,Ocean Color Climate Change Initiative,SeaWiFS-OrbView2, MERIS-ENVISAT, MODIS-Aqua, VIIRS-SNPP,dataset,OC-CCI,Ocean Colour Climate Change Initiative,Source of the level 3 merged data,http://www.esa-oceancolour-cci.org/,NA,L3,V6.0,20221101-20221105,Monthly range PPD data (Vertically Generalized Production Model - Eppley) from the GLOB dataset,GlobColour,SeaWiFS-OrbView2, MERIS-ENVISAT, MODIS-Aqua, VIIRS-SNPP, OLCI-A, VIIRS JPSS-1, OLCI-B,GLOB,The European Service for Ocean Colour,https://www.globcolour.info,,R2019,20210513-present
